Product,Cluster
RedmiK80,0
RedmiK80,0
RedmiK80,0
RedmiK80,0
RedmiK80,0
RedmiK80,0
RedmiK80,0
RedmiK80,0
RedmiK80,0
RedmiK80,0
RedmiK80,0
RedmiK80,0
RedmiK80,0
RedmiK80,0
RedmiK80,0
RedmiK80,0
RedmiK80,0
RedmiK80,0
RedmiK80,0
RedmiK80,0
RedmiK80,0
RedmiK80,0
RedmiK80,0
RedmiK80,0
RedmiK80,0
RedmiK80,0
RedmiK80,0
RedmiK80,0
RedmiK80,0
RedmiK80,0
RedmiK80,0
RedmiK80,0
RedmiK80,0
RedmiK80,0
RedmiK80,0
RedmiK80,0
RedmiK80,0
RedmiK80,0
RedmiK80,0
RedmiK80,0
RedmiK80,0
RedmiK80,0
RedmiK80,0
RedmiK80,0
RedmiK80,0
RedmiK80,0
RedmiK80,0
RedmiK80,0
RedmiK80,0
RedmiK80,0
RedmiK80,0
RedmiK80,0
RedmiK80,0
RedmiK80,0
RedmiK80,0
RedmiK80,0
RedmiK80,0
RedmiK80,0
RedmiK80,0
RedmiK80,0
RedmiK80,0
RedmiK80,0
RedmiK80,0
RedmiK80,0
RedmiK80,0
RedmiK80,0
RedmiK80,0
RedmiK80,0
RedmiK80,0
RedmiK80,0
RedmiK80,0
RedmiK80,0
RedmiK80,0
RedmiK80,0
RedmiK80,0
RedmiK80,0
RedmiK80,0
RedmiK80,0
RedmiK80,0
RedmiK80,0
RedmiK80,0
RedmiK80,0
RedmiK80,0
RedmiK80,0
RedmiK80,0
RedmiK80,0
RedmiK80,0
RedmiK80,0
RedmiK80,0
RedmiK80,0
RedmiK80,0
RedmiK80,0
RedmiK80,0
RedmiK80,0
RedmiK80,0
RedmiK80,0
RedmiK80,0
RedmiK80,0
RedmiK80,0
RedmiK80,0
RedmiK80,0
RedmiK80,0
RedmiK80,0
RedmiK80,0
RedmiK80,0
RedmiK80,0
RedmiK80,0
RedmiK80,0
RedmiK80,0
RedmiK80,0
RedmiK80,0
RedmiK80,0
RedmiK80,0
RedmiK80,0
RedmiK80,0
RedmiK80,0
RedmiK80,0
RedmiK80,0
RedmiK80,0
RedmiK80,0
RedmiK80,0
RedmiK80,0
RedmiK80,0
RedmiK80,0
RedmiK80,0
RedmiK80,0
RedmiK80,0
RedmiK80,0
RedmiK80,0
RedmiK80,0
RedmiK80,0
RedmiK80,0
RedmiK80,0
RedmiK80,0
RedmiK80,0
RedmiK80,0
RedmiK80,0
RedmiK80,0
RedmiK80,0
RedmiK80,0
RedmiK80,0
RedmiK80,0
RedmiK80,0
RedmiK80,0
RedmiK80,0
RedmiK80,0
RedmiK80,0
RedmiK80,0
RedmiK80,0
RedmiK80,0
RedmiK80,0
RedmiK80,0
RedmiK80,0
RedmiK80,0
RedmiK80,0
RedmiK80,0
RedmiK80,0
RedmiK80,0
RedmiK80,0
RedmiK80,0
RedmiK80,0
RedmiK80,0
RedmiK80,0
RedmiK80,0
RedmiK80,0
RedmiK80,0
RedmiK80,0
RedmiK80,0
RedmiK80,0
RedmiK80,0
RedmiK80,0
RedmiK80,0
RedmiK80,0
RedmiK80,0
RedmiK80,0
RedmiK80,0
RedmiK80,0
RedmiK80,0
RedmiK80,0
RedmiK80,0
RedmiK80,0
RedmiK80,0
RedmiK80,0
RedmiK80,0
RedmiK80,0
RedmiK80,0
RedmiK80,0
RedmiK80,0
RedmiK80,0
RedmiK80,0
RedmiK80,0
RedmiK80,0
RedmiK80,0
RedmiK80,0
RedmiK80,0
RedmiK80,0
RedmiK80,0
RedmiK80,0
RedmiK80,0
RedmiK80,0
RedmiK80,0
RedmiK80,0
RedmiK80,0
RedmiK80,0
RedmiK80,0
RedmiK80,0
RedmiK80,0
RedmiK80,0
RedmiK80,0
RedmiK80,0
RedmiK80,0
RedmiK80,0
RedmiK80,0
RedmiK80,0
RedmiK80,0
RedmiK80,0
RedmiK80,0
RedmiK80,0
RedmiK80,0
RedmiK80,0
RedmiK80,0
RedmiK80,0
RedmiK80,0
RedmiK80,0
RedmiK80,0
RedmiK80,0
RedmiK80,0
RedmiK80,0
RedmiK80,0
RedmiK80,0
RedmiK80,0
RedmiK80,0
RedmiK80,0
RedmiK80,0
RedmiK80,0
RedmiK80,0
RedmiK80,0
RedmiK80,0
RedmiK80,0
RedmiK80,0
RedmiK80,0
RedmiK80,0
RedmiK80,0
RedmiK80,0
RedmiK80,0
RedmiK80,0
RedmiK80,0
RedmiK80,0
RedmiK80,0
RedmiK80,0
RedmiK80,0
RedmiK80,0
RedmiK80,0
RedmiK80,0
RedmiK80,0
RedmiK80,0
RedmiK80,0
RedmiK80,0
RedmiK80,0
RedmiK80,0
RedmiK80,0
RedmiK80,0
RedmiK80,0
RedmiK80,0
RedmiK80,0
RedmiK80,0
RedmiK80,0
RedmiK80,0
RedmiK80,0
RedmiK80,0
RedmiK80,0
RedmiK80,0
RedmiK80,0
RedmiK80,0
RedmiK80,0
RedmiK80,0
RedmiK80,0
RedmiK80,0
RedmiK80,0
RedmiK80,0
RedmiK80,0
RedmiK80,0
RedmiK80,0
RedmiK80,0
RedmiK80,0
RedmiK80,0
RedmiK80,0
RedmiK80,0
RedmiK80,0
RedmiK80,0
RedmiK80,0
RedmiK80,0
RedmiK80,0
RedmiK80,0
RedmiK80,0
RedmiK80,0
RedmiK80,0
RedmiK80,0
RedmiK80,0
RedmiK80,0
RedmiK80,0
RedmiK80,0
RedmiK80,0
RedmiK80,0
RedmiK80,0
RedmiK80,0
RedmiK80,0
RedmiK80,0
RedmiK80,0
RedmiK80,0
RedmiK80,0
RedmiK80,0
RedmiK80,0
RedmiK80,0
RedmiK80,0
RedmiK80,0
RedmiK80,0
RedmiK80,0
RedmiK80,0
RedmiK80,0
RedmiK80,0
RedmiK80,0
RedmiK80,0
RedmiK80,0
RedmiK80,0
RedmiK80,0
RedmiK80,0
RedmiK80,0
RedmiK80,0
RedmiK80,0
RedmiK80,0
RedmiK80,0
RedmiK80,0
RedmiK80,0
RedmiK80,0
RedmiK80,0
RedmiK80,0
RedmiK80,0
RedmiK80,0
RedmiK80,0
RedmiK80,0
RedmiK80,0
RedmiK80,0
RedmiK80,0
RedmiK80,0
RedmiK80,0
RedmiK80,0
RedmiK80,0
RedmiK80,0
RedmiK80,0
RedmiK80,0
RedmiK80,0
RedmiK80,0
RedmiK80,0
RedmiK80,0
RedmiK80,0
RedmiK80,0
RedmiK80,0
RedmiK80,0
RedmiK80,0
RedmiK80,0
RedmiK80,0
RedmiK80,0
RedmiK80,0
RedmiK80,0
RedmiK80,0
RedmiK80,0
RedmiK80,0
RedmiK80,0
RedmiK80,0
RedmiK80,0
RedmiK80,0
RedmiK80,0
RedmiK80,0
RedmiK80,0
RedmiK80,0
RedmiK80,0
RedmiK80,0
RedmiK80,0
RedmiK80,0
RedmiK80,0
RedmiK80,0
RedmiK80,0
RedmiK80,0
RedmiK80,0
RedmiK80,0
RedmiK80,0
RedmiK80,0
RedmiK80,0
RedmiK80,0
RedmiK80,0
RedmiK80,0
RedmiK80,0
RedmiK80,0
RedmiK80,0
RedmiK80,0
RedmiK80,0
RedmiK80,0
RedmiK80,0
RedmiK80,0
RedmiK80,0
RedmiK80,0
RedmiK80,0
RedmiK80,0
RedmiK80,0
RedmiK80,0
RedmiK80,0
RedmiK80,0
RedmiK80,0
RedmiK80,0
RedmiK80,0
RedmiK80,0
RedmiK80,0
RedmiK80,0
RedmiK80,0
RedmiK80,0
RedmiK80,0
RedmiK80,0
RedmiK80,0
RedmiK80,0
RedmiK80,0
RedmiK80,0
RedmiK80,0
RedmiK80,0
RedmiK80,0
RedmiK80,0
RedmiK80,0
RedmiK80,0
RedmiK80,0
RedmiK80,0
RedmiK80,0
RedmiK80,0
RedmiK80,0
RedmiK80,0
RedmiK80,0
RedmiK80,0
RedmiK80,0
RedmiK80,0
RedmiK80,0
RedmiK80,0
RedmiK80,0
RedmiK80,0
RedmiK80,0
RedmiK80,0
RedmiK80,0
RedmiK80,0
RedmiK80,0
RedmiK80,0
RedmiK80,0
RedmiK80,0
RedmiK80,0
RedmiK80,0
RedmiK80,0
RedmiK80,0
RedmiK80,0
RedmiK80,0
RedmiK80,0
RedmiK80,0
RedmiK80,0
RedmiK80,0
RedmiK80,0
RedmiK80,0
RedmiK80,0
RedmiK80,0
RedmiK80,0
RedmiK80,0
RedmiK80,0
RedmiK80,0
RedmiK80,0
RedmiK80,0
RedmiK80,0
RedmiK80,0
RedmiK80,0
RedmiK80,0
RedmiK80,0
RedmiK80,0
RedmiK80,0
RedmiK80,0
RedmiK80,0
RedmiK80,0
RedmiK80,0
RedmiK80,0
RedmiK80,0
RedmiK80,0
RedmiK80,0
RedmiK80,0
RedmiK80,0
RedmiK80,0
RedmiK80,0
RedmiK80,0
RedmiK80,0
RedmiK80,0
RedmiK80,0
RedmiK80,0
RedmiK80,0
RedmiK80,0
RedmiK80,0
RedmiK80,0
RedmiK80,0
RedmiK80,0
RedmiK80,0
RedmiK80,0
RedmiK80,0
RedmiK80,0
RedmiK80,0
RedmiK80,0
RedmiK80,0
RedmiK80,0
RedmiK80,0
RedmiK80,0
RedmiK80,0
RedmiK80,0
RedmiK80,0
RedmiK80,0
RedmiK80,0
RedmiK80,0
RedmiK80,0
RedmiK80,0
RedmiK80,0
RedmiK80,0
RedmiK80,0
RedmiK80,0
RedmiK80,0
RedmiK80,0
RedmiK80,0
RedmiK80,0
RedmiK80,0
RedmiK80,0
RedmiK80,0
RedmiK80,0
RedmiK80,0
RedmiK80,0
RedmiK80,0
RedmiK80,0
RedmiK80,0
RedmiK80,0
RedmiK80,0
RedmiK80,0
RedmiK80,0
RedmiK80,0
RedmiK80,0
RedmiK80,0
RedmiK80,0
RedmiK80,0
RedmiK80,0
RedmiK80,0
RedmiK80,0
RedmiK80,0
RedmiK80,0
RedmiK80,0
RedmiK80,0
RedmiK80,0
RedmiK80,0
RedmiK80,0
RedmiK80,0
RedmiK80,0
RedmiK80,0
RedmiK80,0
RedmiK80,0
RedmiK80,0
RedmiK80,0
RedmiK80,0
RedmiK80,0
RedmiK80,0
RedmiK80,0
RedmiK80,0
RedmiK80,0
RedmiK80,0
RedmiK80,0
RedmiK80,0
RedmiK80,0
RedmiK80,0
RedmiK80,0
RedmiK80,0
RedmiK80,0
RedmiK80,0
RedmiK80,0
RedmiK80,0
RedmiK80,0
RedmiK80,0
RedmiK80,0
RedmiK80,0
RedmiK80,0
RedmiK80,0
RedmiK80,0
RedmiK80,0
RedmiK80,0
RedmiK80,0
RedmiK80,0
RedmiK80,0
RedmiK80,0
RedmiK80,0
RedmiK80,0
RedmiK80,0
RedmiK80,0
RedmiK80,0
RedmiK80,0
RedmiK80,0
RedmiK80,0
RedmiK80,0
RedmiK80,0
RedmiK80,0
RedmiK80,0
RedmiK80,0
RedmiK80,0
RedmiK80,0
RedmiK80,0
RedmiK80,0
RedmiK80,0
RedmiK80,0
RedmiK80,0
RedmiK80,0
RedmiK80,0
RedmiK80,0
RedmiK80,0
RedmiK80,0
RedmiK80,0
RedmiK80,0
RedmiK80,0
RedmiK80,0
RedmiK80,0
RedmiK80,0
RedmiK80,0
RedmiK80,0
RedmiK80,0
RedmiK80,0
RedmiK80,0
RedmiK80,0
RedmiK80,0
RedmiK80,0
RedmiK80,0
RedmiK80,0
RedmiK80,0
RedmiK80,0
RedmiK80,0
RedmiK80,0
RedmiK80,0
RedmiK80,0
RedmiK80,0
RedmiK80,0
RedmiK80,0
RedmiK80,0
RedmiK80,0
RedmiK80,0
RedmiK80,0
RedmiK80,0
RedmiK80,0
RedmiK80,0
RedmiK80,0
RedmiK80,0
RedmiK80,0
RedmiK80,0
RedmiK80,0
RedmiK80,0
RedmiK80,0
RedmiK80,0
RedmiK80,0
RedmiK80,0
RedmiK80,0
RedmiK80,0
RedmiK80,0
RedmiK80,0
RedmiK80,0
RedmiK80,0
RedmiK80,0
RedmiK80,0
RedmiK80,0
RedmiK80,0
RedmiK80,0
RedmiK80,0
RedmiK80,0
RedmiK80,0
RedmiK80,0
RedmiK80,0
RedmiK80,0
RedmiK80,0
RedmiK80,0
RedmiK80,0
RedmiK80,0
RedmiK80,0
RedmiK80,0
RedmiK80,0
RedmiK80,0
RedmiK80,0
RedmiK80,0
RedmiK80,0
RedmiK80,0
RedmiK80,0
RedmiK80,0
RedmiK80,0
RedmiK80,0
RedmiK80,0
RedmiK80,0
RedmiK80,0
RedmiK80,0
RedmiK80,0
RedmiK80,0
RedmiK80,0
RedmiK80,0
RedmiK80,0
RedmiK80,0
RedmiK80,0
RedmiK80,0
RedmiK80,0
RedmiK80,0
RedmiK80,0
RedmiK80,0
RedmiK80,0
RedmiK80,0
RedmiK80,0
RedmiK80,0
RedmiK80,0
RedmiK80,0
RedmiK80,0
RedmiK80,0
RedmiK80,0
RedmiK80,0
RedmiK80,0
RedmiK80,0
RedmiK80,0
RedmiK80,0
RedmiK80,0
RedmiK80,0
RedmiK80,0
RedmiK80,0
RedmiK80,0
RedmiK80,0
RedmiK80,0
RedmiK80,0
RedmiK80,0
RedmiK80,0
RedmiK80,0
RedmiK80,0
RedmiK80,0
RedmiK80,0
RedmiK80,0
RedmiK80,0
RedmiK80,0
RedmiK80,0
RedmiK80,0
RedmiK80,0
RedmiK80,0
RedmiK80,0
RedmiK80,0
RedmiK80,0
RedmiK80,0
RedmiK80,0
RedmiK80,0
RedmiK80,0
RedmiK80,0
RedmiK80,0
RedmiK80,0
RedmiK80,0
RedmiK80,0
RedmiK80,0
RedmiK80,0
RedmiK80,0
RedmiK80,0
RedmiK80,0
RedmiK80,0
RedmiK80,0
RedmiK80,0
RedmiK80,0
RedmiK80,0
RedmiK80,0
RedmiK80,0
RedmiK80,0
RedmiK80,0
RedmiK80,0
RedmiK80,0
RedmiK80,0
RedmiK80,0
RedmiK80,0
RedmiK80,0
RedmiK80,0
RedmiK80,0
RedmiK80,0
RedmiK80,0
RedmiK80,0
RedmiK80,0
RedmiK80,0
RedmiK80,0
RedmiK80,0
RedmiK80,0
RedmiK80,0
RedmiK80,0
RedmiK80,0
RedmiK80,0
RedmiK80,0
RedmiK80,0
RedmiK80,0
RedmiK80,0
RedmiK80,0
RedmiK80,0
RedmiK80,0
RedmiK80,0
RedmiK80,0
RedmiK80,0
RedmiK80,0
RedmiK80,0
RedmiK80,0
RedmiK80,0
RedmiK80,0
RedmiK80,0
RedmiK80,0
RedmiK80,0
RedmiK80,0
RedmiK80,0
RedmiK80,0
RedmiK80,0
RedmiK80,0
RedmiK80,0
RedmiK80,0
RedmiK80,0
RedmiK80,0
RedmiK80,0
RedmiK80,0
RedmiK80,0
RedmiK80,0
RedmiK80,0
RedmiK80,0
RedmiK80,0
RedmiK80,0
RedmiK80,0
RedmiK80,0
RedmiK80,0
RedmiK80,0
RedmiK80,0
RedmiK80,0
RedmiK80,0
RedmiK80,0
RedmiK80,0
RedmiK80,0
RedmiK80,0
RedmiK80,0
RedmiK80,0
RedmiK80,0
RedmiK80,0
RedmiK80,0
RedmiK80,0
RedmiK80,0
RedmiK80,0
RedmiK80,0
RedmiK80,0
RedmiK80,0
RedmiK80,0
RedmiK80,0
RedmiK80,0
RedmiK80,0
RedmiK80,0
RedmiK80,0
RedmiK80,0
RedmiK80,0
RedmiK80,0
RedmiK80,0
RedmiK80,0
RedmiK80,0
RedmiK80,0
RedmiK80,0
RedmiK80,0
RedmiK80,0
RedmiK80,0
RedmiK80,0
RedmiK80,0
RedmiK80,0
RedmiK80,0
RedmiK80,0
RedmiK80,0
RedmiK80,0
RedmiK80,0
RedmiK80,0
RedmiK80,0
RedmiK80,0
RedmiK80,0
RedmiK80,0
RedmiK80,0
RedmiK80,0
RedmiK80,0
RedmiK80,0
RedmiK80,0
RedmiK80,0
RedmiK80,0
RedmiK80,0
RedmiK80,0
RedmiK80,0
RedmiK80,0
RedmiK80,0
RedmiK80,0
RedmiK80,0
RedmiK80,0
RedmiK80,0
RedmiK80,0
RedmiK80,2
RedmiK80,2
RedmiK80,2
RedmiK80,2
RedmiK80,2
RedmiK80,2
RedmiK80,2
RedmiK80,2
RedmiK80,2
RedmiK80,2
RedmiK80,2
RedmiK80,2
RedmiK80,2
RedmiK80,2
RedmiK80,2
RedmiK80,2
RedmiK80,2
RedmiK80,2
RedmiK80,2
RedmiK80,2
RedmiK80,2
RedmiK80,2
RedmiK80,2
RedmiK80,2
RedmiK80,2
RedmiK80,2
RedmiK80,2
RedmiK80,2
RedmiK80,2
RedmiK80,2
RedmiK80,2
RedmiK80,2
RedmiK80,2
RedmiK80,2
RedmiK80,2
RedmiK80,2
RedmiK80,2
RedmiK80,2
RedmiK80,2
RedmiK80,2
RedmiK80,2
RedmiK80,2
RedmiK80,2
RedmiK80,2
RedmiK80,2
RedmiK80,1
RedmiK80,2
RedmiK80,2
RedmiK80,1
RedmiK80,1
RedmiK80,2
RedmiK80,1
RedmiK80,2
RedmiK80,2
RedmiK80,2
RedmiK80,2
RedmiK80,1
RedmiK80,2
RedmiK80,2
RedmiK80,1
RedmiK80,1
RedmiK80,2
RedmiK80,1
RedmiK80,2
RedmiK80,2
RedmiK80,1
RedmiK80,1
RedmiK80,2
RedmiK80,1
RedmiK80,2
RedmiK80,2
RedmiK80,2
RedmiK80,2
RedmiK80,2
RedmiK80,1
RedmiK80,1
RedmiK80,2
RedmiK80,1
RedmiK80,2
RedmiK80,1
RedmiK80,2
RedmiK80,1
RedmiK80,2
RedmiK80,1
RedmiK80,2
RedmiK80,1
RedmiK80,1
RedmiK80,1
RedmiK80,2
RedmiK80,2
RedmiK80,1
RedmiK80,2
RedmiK80,2
RedmiK80,2
RedmiK80,1
RedmiK80,1
RedmiK80,2
RedmiK80,1
RedmiK80,1
RedmiK80,1
RedmiK80,1
RedmiK80,2
RedmiK80,1
RedmiK80,2
RedmiK80,1
RedmiK80,1
RedmiK80,2
RedmiK80,2
RedmiK80,2
RedmiK80,2
RedmiK80,1
RedmiK80,2
RedmiK80,1
RedmiK80,2
RedmiK80,1
RedmiK80,2
RedmiK80,2
RedmiK80,2
RedmiK80,2
RedmiK80,1
RedmiK80,2
RedmiK80,2
RedmiK80,1
RedmiK80,2
RedmiK80,1
RedmiK80,2
RedmiK80,2
RedmiK80,2
RedmiK80,2
RedmiK80,1
RedmiK80,2
RedmiK80,2
RedmiK80,2
RedmiK80,2
RedmiK80,1
RedmiK80,1
RedmiK80,2
RedmiK80,1
RedmiK80,1
RedmiK80,1
RedmiK80,1
RedmiK80,1
RedmiK80,1
RedmiK80,1
RedmiK80,2
RedmiK80,1
RedmiK80,2
RedmiK80,2
RedmiK80,2
RedmiK80,1
RedmiK80,2
RedmiK80,2
RedmiK80,2
RedmiK80,1
RedmiK80,1
RedmiK80,2
RedmiK80,1
RedmiK80,2
RedmiK80,2
RedmiK80,2
RedmiK80,1
RedmiK80,2
RedmiK80,1
RedmiK80,2
RedmiK80,2
RedmiK80,1
RedmiK80,2
RedmiK80,2
RedmiK80,2
RedmiK80,2
RedmiK80,2
RedmiK80,2
RedmiK80,2
RedmiK80,1
RedmiK80,2
RedmiK80,2
RedmiK80,2
RedmiK80,1
RedmiK80,2
RedmiK80,2
RedmiK80,2
RedmiK80,2
RedmiK80,1
RedmiK80,2
RedmiK80,2
RedmiK80,1
RedmiK80,1
RedmiK80,2
RedmiK80,1
RedmiK80,2
RedmiK80,1
RedmiK80,2
RedmiK80,1
RedmiK80,1
RedmiK80,1
RedmiK80,2
RedmiK80,2
RedmiK80,2
RedmiK80,1
RedmiK80,2
RedmiK80,1
RedmiK80,2
RedmiK80,1
RedmiK80,2
RedmiK80,1
RedmiK80,2
RedmiK80,1
RedmiK80,1
RedmiK80,2
RedmiK80,2
RedmiK80,1
RedmiK80,2
RedmiK80,2
RedmiK80,2
RedmiK80,2
RedmiK80,2
RedmiK80,1
RedmiK80,2
RedmiK80,2
RedmiK80,1
RedmiK80,2
RedmiK80,1
RedmiK80,1
RedmiK80,2
RedmiK80,1
RedmiK80,1
RedmiK80,1
RedmiK80,2
RedmiK80,1
RedmiK80,1
RedmiK80,2
RedmiK80,1
RedmiK80,2
RedmiK80,2
RedmiK80,1
RedmiK80,1
RedmiK80,1
RedmiK80,1
RedmiK80,2
RedmiK80,1
RedmiK80,1
RedmiK80,2
RedmiK80,1
RedmiK80,1
RedmiK80,2
RedmiK80,1
RedmiK80,2
RedmiK80,2
RedmiK80,1
RedmiK80,2
RedmiK80,1
RedmiK80,1
RedmiK80,1
RedmiK80,1
RedmiK80,1
RedmiK80,1
RedmiK80,1
RedmiK80,2
RedmiK80,1
RedmiK80,2
RedmiK80,1
RedmiK80,2
RedmiK80,1
RedmiK80,2
RedmiK80,1
RedmiK80,1
RedmiK80,1
RedmiK80,2
RedmiK80,1
RedmiK80,2
RedmiK80,2
RedmiK80,2
RedmiK80,2
RedmiK80,2
RedmiK80,1
RedmiK80,1
RedmiK80,1
RedmiK80,1
RedmiK80,2
RedmiK80,1
RedmiK80,1
RedmiK80,1
RedmiK80,2
RedmiK80,2
RedmiK80,1
RedmiK80,1
RedmiK80,2
RedmiK80,2
RedmiK80,2
RedmiK80,1
RedmiK80,1
RedmiK80,2
RedmiK80,2
RedmiK80,1
RedmiK80,2
RedmiK80,2
RedmiK80,1
RedmiK80,2
RedmiK80,1
RedmiK80,2
RedmiK80,2
RedmiK80,1
RedmiK80,1
RedmiK80,2
RedmiK80,1
RedmiK80,1
RedmiK80,2
RedmiK80,2
RedmiK80,1
RedmiK80,1
RedmiK80,1
RedmiK80,1
RedmiK80,2
RedmiK80,2
RedmiK80,2
RedmiK80,1
RedmiK80,2
RedmiK80,2
RedmiK80,1
RedmiK80,2
RedmiK80,1
RedmiK80,2
RedmiK80,1
RedmiK80,1
RedmiK80,2
RedmiK80,1
RedmiK80,1
RedmiK80,2
RedmiK80,2
RedmiK80,2
RedmiK80,2
RedmiK80,2
RedmiK80,2
RedmiK80,1
RedmiK80,2
RedmiK80,2
RedmiK80,2
RedmiK80,2
RedmiK80,1
RedmiK80,2
RedmiK80,2
RedmiK80,2
RedmiK80,1
RedmiK80,2
RedmiK80,1
RedmiK80,2
RedmiK80,2
RedmiK80,2
RedmiK80,1
RedmiK80,2
RedmiK80,2
RedmiK80,1
RedmiK80,2
RedmiK80,2
RedmiK80,1
RedmiK80,1
RedmiK80,2
RedmiK80,1
RedmiK80,2
RedmiK80,1
RedmiK80,2
RedmiK80,2
RedmiK80,2
RedmiK80,2
RedmiK80,2
RedmiK80,1
RedmiK80,2
RedmiK80,2
RedmiK80,2
RedmiK80,2
RedmiK80,1
RedmiK80,2
RedmiK80,2
RedmiK80,2
RedmiK80,2
RedmiK80,2
RedmiK80,2
RedmiK80,1
RedmiK80,1
RedmiK80,1
RedmiK80,1
RedmiK80,1
RedmiK80,2
RedmiK80,1
RedmiK80,1
RedmiK80,1
RedmiK80,1
RedmiK80,2
RedmiK80,2
RedmiK80,1
RedmiK80,2
RedmiK80,1
RedmiK80,2
RedmiK80,1
RedmiK80,1
RedmiK80,1
RedmiK80,2
RedmiK80,1
RedmiK80,2
RedmiK80,1
RedmiK80,1
RedmiK80,1
RedmiK80,1
RedmiK80,2
RedmiK80,2
RedmiK80,2
RedmiK80,2
RedmiK80,1
RedmiK80,2
RedmiK80,1
RedmiK80,1
RedmiK80,2
RedmiK80,2
RedmiK80,1
RedmiK80,2
RedmiK80,2
RedmiK80,2
RedmiK80,2
RedmiK80,1
RedmiK80,2
RedmiK80,2
RedmiK80,2
RedmiK80,1
RedmiK80,2
RedmiK80,2
RedmiK80,1
RedmiK80,2
RedmiK80,1
RedmiK80,2
RedmiK80,2
RedmiK80,1
RedmiK80,2
RedmiK80,2
RedmiK80,2
RedmiK80,2
RedmiK80,2
RedmiK80,2
RedmiK80,1
RedmiK80,2
RedmiK80,1
RedmiK80,1
RedmiK80,1
RedmiK80,2
RedmiK80,1
RedmiK80,1
RedmiK80,1
RedmiK80,1
RedmiK80,1
RedmiK80,1
RedmiK80,1
RedmiK80,1
RedmiK80,1
RedmiK80,1
RedmiK80,1
RedmiK80,1
RedmiK80,1
RedmiK80,1
RedmiK80,1
RedmiK80,1
RedmiK80,1
RedmiK80,1
RedmiK80,1
RedmiK80,1
RedmiK80,1
RedmiK80,1
RedmiK80,1
RedmiK80,1
RedmiK80,1
RedmiK80,1
RedmiK80,1
RedmiK80,1
RedmiK80,1
RedmiK80,1
RedmiK80,1
RedmiK80,1
RedmiK80,1
RedmiK80,1
RedmiK80,1
RedmiK80,1
RedmiK80,1
RedmiK80,1
RedmiK80,1
RedmiK80,1
RedmiK80,1
RedmiK80,1
RedmiK80,1
RedmiK80,1
RedmiK80,1
RedmiK80,1
RedmiK80,1
RedmiK80,1
RedmiK80,1
RedmiK80,1
RedmiK80,1
RedmiK80,1
RedmiK80,1
RedmiK80,1
RedmiK80,1
RedmiK80,1
RedmiK80,1
RedmiK80,1
RedmiK80,1
RedmiK80,1
RedmiK80,1
RedmiK80,1
RedmiK80,1
RedmiK80,1
RedmiK80,1
RedmiK80,1
RedmiK80,1
RedmiK80,1
RedmiK80,1
RedmiK80,1
RedmiK80,1
RedmiK80,1
RedmiK80,1
RedmiK80,1
RedmiK80,1
RedmiK80,1
RedmiK80,1
RedmiK80,1
RedmiK80,1
RedmiK80,1
RedmiK80,1
RedmiK80,1
RedmiK80,1
RedmiK80,1
RedmiK80,1
RedmiK80,1
RedmiK80,1
RedmiK80,1
RedmiK80,1
RedmiK80,1
RedmiK80,1
RedmiK80,1
RedmiK80,1
RedmiK80,1
RedmiK80,1
RedmiK80,1
RedmiK80,1
RedmiK80,1
RedmiK80,1
RedmiK80,1
RedmiK80,1
RedmiK80,1
RedmiK80,1
RedmiK80,1
RedmiK80,1
RedmiK80,1
RedmiK80,1
RedmiK80,1
RedmiK80,1
RedmiK80,1
RedmiK80,1
RedmiK80,1
RedmiK80,1
RedmiK80,1
RedmiK80,1
RedmiK80,1
RedmiK80,1
RedmiK80,1
RedmiK80,1
RedmiK80,1
RedmiK80,1
RedmiK80,1
RedmiK80,1
RedmiK80,1
RedmiK80,1
RedmiK80,1
RedmiK80,1
RedmiK80,1
RedmiK80,1
RedmiK80,1
RedmiK80,1
RedmiK80,1
RedmiK80,1
RedmiK80,1
RedmiK80,1
RedmiK80,1
RedmiK80,1
RedmiK80,1
RedmiK80,1
RedmiK80,1
RedmiK80,1
RedmiK80,1
RedmiK80,1
RedmiK80,1
RedmiK80,1
RedmiK80,1
RedmiK80,1
RedmiK80,1
RedmiK80,1
RedmiK80,1
RedmiK80,1
RedmiK80,1
RedmiK80,1
RedmiK80,1
RedmiK80,1
RedmiK80,1
RedmiK80,1
RedmiK80,1
RedmiK80,1
RedmiK80,1
RedmiK80,1
RedmiK80,1
RedmiK80,1
RedmiK80,1
RedmiK80,1
RedmiK80,1
RedmiK80,1
RedmiK80,1
RedmiK80,1
RedmiK80,1
RedmiK80,1
RedmiK80,1
RedmiK80,1
RedmiK80,1
RedmiK80,1
RedmiK80,1
RedmiK80,1
RedmiK80,1
RedmiK80,1
RedmiK80,1
RedmiK80,1
RedmiK80,1
RedmiK80,1
RedmiK80,1
RedmiK80,1
RedmiK80,1
RedmiK80,1
RedmiK80,1
RedmiK80,1
RedmiK80,1
RedmiK80,1
RedmiK80,1
RedmiK80,1
RedmiK80,1
RedmiK80,1
RedmiK80,1
RedmiK80,1
RedmiK80,1
RedmiK80,1
RedmiK80,1
RedmiK80,1
RedmiK80,1
RedmiK80,1
RedmiK80,1
RedmiK80,1
RedmiK80,1
RedmiK80,1
RedmiK80,1
RedmiK80,1
RedmiK80,1
RedmiK80,1
RedmiK80,1
RedmiK80,1
RedmiK80,1
RedmiK80,1
RedmiK80,1
RedmiK80,1
RedmiK80,1
RedmiK80,1
RedmiK80,1
RedmiK80,1
RedmiK80,1
RedmiK80,1
RedmiK80,1
RedmiK80,1
RedmiK80,1
RedmiK80,1
RedmiK80,1
RedmiK80,1
RedmiK80,1
RedmiK80,1
RedmiK80,1
RedmiK80,1
RedmiK80,1
RedmiK80,1
RedmiK80,1
RedmiK80,1
RedmiK80,1
RedmiK80,1
RedmiK80,1
RedmiK80,1
RedmiK80,1
RedmiK80,1
RedmiK80,1
RedmiK80,1
RedmiK80,1
RedmiK80,1
RedmiK80,1
RedmiK80,1
RedmiK80,1
RedmiK80,1
RedmiK80,1
RedmiK80,1
RedmiK80,1
RedmiK80,1
RedmiK80,1
RedmiK80,1
RedmiK80,1
RedmiK80,1
RedmiK80,1
RedmiK80,1
RedmiK80,1
RedmiK80,1
RedmiK80,1
RedmiK80,1
RedmiK80,1
RedmiK80,1
RedmiK80,1
RedmiK80,1
RedmiK80,1
RedmiK80,1
RedmiK80,1
RedmiK80,1
RedmiK80,1
RedmiK80,1
RedmiK80,1
RedmiK80,1
RedmiK80,1
RedmiK80,1
RedmiK80,1
RedmiK80,1
RedmiK80,1
RedmiK80,1
RedmiK80,1
RedmiK80,1
RedmiK80,1
RedmiK80,1
RedmiK80,1
RedmiK80,1
RedmiK80,1
RedmiK80,1
RedmiK80,1
RedmiK80,1
RedmiK80,1
RedmiK80,1
RedmiK80,1
RedmiK80,1
RedmiK80,1
RedmiK80,1
RedmiK80,1
RedmiK80,1
RedmiK80,1
RedmiK80,1
RedmiK80,1
RedmiK80,1
RedmiK80,1
RedmiK80,1
RedmiK80,1
RedmiK80,1
RedmiK80,1
RedmiK80,1
RedmiK80,1
RedmiK80,1
RedmiK80,1
RedmiK80,1
RedmiK80,1
RedmiK80,1
RedmiK80,1
RedmiK80,1
RedmiK80,1
RedmiK80,1
RedmiK80,1
RedmiK80,1
RedmiK80,1
RedmiK80,1
RedmiK80,1
RedmiK80,1
RedmiK80,1
RedmiK80,1
RedmiK80,1
RedmiK80,1
RedmiK80,1
RedmiK80,1
RedmiK80,1
RedmiK80,1
RedmiK80,1
RedmiK80,1
RedmiK80,1
RedmiK80,1
RedmiK80,1
RedmiK80,1
RedmiK80,1
RedmiK80,1
RedmiK80,1
RedmiK80,1
RedmiK80,1
RedmiK80,1
RedmiK80,1
RedmiK80,1
RedmiK80,1
RedmiK80,1
RedmiK80,1
RedmiK80,1
RedmiK80,1
RedmiK80,1
RedmiK80,1
RedmiK80,1
RedmiK80,1
RedmiK80,1
RedmiK80,1
RedmiK80,1
RedmiK80,1
RedmiK80,1
RedmiK80,1
RedmiK80,1
RedmiK80,1
RedmiK80,1
RedmiK80,1
RedmiK80,1
RedmiK80,1
RedmiK80,1
RedmiK80,1
RedmiK80,1
RedmiK80,1
RedmiK80,1
RedmiK80,1
RedmiK80,1
RedmiK80,1
RedmiK80,1
RedmiK80,1
RedmiK80,1
RedmiK80,1
RedmiK80,1
RedmiK80,1
RedmiK80,1
RedmiK80,1
RedmiK80,1
RedmiK80,1
RedmiK80,1
RedmiK80,1
RedmiK80,1
RedmiK80,1
RedmiK80,1
RedmiK80,1
RedmiK80,1
RedmiK80,1
RedmiK80,1
RedmiK80,1
RedmiK80,1
RedmiK80,1
RedmiK80,1
RedmiK80,1
RedmiK80,1
RedmiK80,1
RedmiK80,1
RedmiK80,1
RedmiK80,1
RedmiK80,1
RedmiK80,1
RedmiK80,1
RedmiK80,1
RedmiK80,1
RedmiK80,1
RedmiK80,1
RedmiK80,1
RedmiK80,1
RedmiK80,1
RedmiK80,1
RedmiK80,1
RedmiK80,1
RedmiK80,1
RedmiK80,1
RedmiK80,1
RedmiK80,1
RedmiK80,1
RedmiK80,1
RedmiK80,1
RedmiK80,1
RedmiK80,1
RedmiK80,1
RedmiK80,1
RedmiK80,1
RedmiK80,1
RedmiK80,1
RedmiK80,1
RedmiK80,1
RedmiK80,1
RedmiK80,1
RedmiK80,1
RedmiK80,1
RedmiK80,1
RedmiK80,1
RedmiK80,1
RedmiK80,1
RedmiK80,1
RedmiK80,1
RedmiK80,1
RedmiK80,1
RedmiK80,1
RedmiK80,1
RedmiK80,1
RedmiK80,1
RedmiK80,1
RedmiK80,1
RedmiK80,1
RedmiK80,1
RedmiK80,1
RedmiK80,1
RedmiK80,1
RedmiK80,1
RedmiK80,1
RedmiK80,1
RedmiK80,1
RedmiK80,1
RedmiK80,1
RedmiK80,1
RedmiK80,1
RedmiK80,1
RedmiK80,1
RedmiK80,1
RedmiK80,1
RedmiK80,1
RedmiK80,1
RedmiK80,1
RedmiK80,1
RedmiK80,1
RedmiK80,1
RedmiK80,1
RedmiK80,1
RedmiK80,1
RedmiK80,1
RedmiK80,1
RedmiK80,1
RedmiK80,1
RedmiK80,1
RedmiK80,1
RedmiK80,1
RedmiK80,1
RedmiK80,1
RedmiK80,1
RedmiK80,1
RedmiK80,1
RedmiK80,1
RedmiK80,1
RedmiK80,1
RedmiK80,1
RedmiK80,1
RedmiK80,1
RedmiK80,1
RedmiK80,1
RedmiK80,1
RedmiK80,1
RedmiK80,1
RedmiK80,1
RedmiK80,1
RedmiK80,1
RedmiK80,1
RedmiK80,1
RedmiK80,1
RedmiK80,1
RedmiK80,1
RedmiK80,1
RedmiK80,1
RedmiK80,1
RedmiK80,1
RedmiK80,1
RedmiK80,1
RedmiK80,1
RedmiK80,1
RedmiK80,1
RedmiK80,1
RedmiK80,1
RedmiK80,1
RedmiK80,1
RedmiK80,1
RedmiK80,1
RedmiK80,1
RedmiK80,1
RedmiK80,1
RedmiK80,1
RedmiK80,1
RedmiK80,1
RedmiK80,1
RedmiK80,1
RedmiK80,1
RedmiK80,1
RedmiK80,1
RedmiK80,1
RedmiK80,1
RedmiK80,1
RedmiK80,1
RedmiK80,1
RedmiK80,1
RedmiK80,1
RedmiK80,1
RedmiK80,1
RedmiK80,1
RedmiK80,1
RedmiK80,1
RedmiK80,1
RedmiK80,1
RedmiK80,1
RedmiK80,1
RedmiK80,1
RedmiK80,1
RedmiK80,1
RedmiK80,1
RedmiK80,1
RedmiK80,1
RedmiK80,1
RedmiK80,1
RedmiK80,1
RedmiK80,1
RedmiK80,1
RedmiK80,1
RedmiK80,1
RedmiK80,1
RedmiK80,1
RedmiK80,1
RedmiK80,1
RedmiK80,1
RedmiK80,1
RedmiK80,1
RedmiK80,1
RedmiK80,1
RedmiK80,1
RedmiK80,1
RedmiK80,1
RedmiK80,1
RedmiK80,1
RedmiK80,1
RedmiK80,1
RedmiK80,1
RedmiK80,1
RedmiK80,1
RedmiK80,1
RedmiK80,1
RedmiK80,1
RedmiK80,1
RedmiK80,1
RedmiK80,1
RedmiK80,1
RedmiK80,1
RedmiK80,1
RedmiK80,1
RedmiK80,1
RedmiK80,1
RedmiK80,1
RedmiK80,1
RedmiK80,1
RedmiK80,1
RedmiK80,1
RedmiK80,1
RedmiK80,1
RedmiK80,1
RedmiK80,1
RedmiK80,1
RedmiK80,1
RedmiK80,1
RedmiK80,1
RedmiK80,1
RedmiK80,1
RedmiK80,1
RedmiK80,1
RedmiK80,1
RedmiK80,1
RedmiK80,1
RedmiK80,1
RedmiK80,1
RedmiK80,1
RedmiK80,1
RedmiK80,1
RedmiK80,1
RedmiK80,1
RedmiK80,1
RedmiK80,1
RedmiK80,1
RedmiK80,1
RedmiK80,1
RedmiK80,1
RedmiK80,1
RedmiK80,1
RedmiK80,1
RedmiK80,1
RedmiK80,1
RedmiK80,1
RedmiK80,1
RedmiK80,1
RedmiK80,1
RedmiK80,1
RedmiK80,1
RedmiK80,1
RedmiK80,1
RedmiK80,1
RedmiK80,1
RedmiK80,1
RedmiK80,1
RedmiK80,1
RedmiK80,1
RedmiK80,1
RedmiK80,1
RedmiK80,1
RedmiK80,1
RedmiK80,1
RedmiK80,1
RedmiK80,1
RedmiK80,1
RedmiK80,1
RedmiK80,1
RedmiK80,1
RedmiK80,1
RedmiK80,1
RedmiK80,1
RedmiK80,1
RedmiK80,1
RedmiK80,1
RedmiK80,1
RedmiK80,1
RedmiK80,1
RedmiK80,1
RedmiK80,1
RedmiK80,1
RedmiK80,1
RedmiK80,1
RedmiK80,1
RedmiK80,1
RedmiK80,1
RedmiK80,1
RedmiK80,1
RedmiK80,1
RedmiK80,1
RedmiK80,1
RedmiK80,1
RedmiK80,1
RedmiK80,1
RedmiK80,1
RedmiK80,1
RedmiK80,1
RedmiK80,1
RedmiK80,1
RedmiK80,1
RedmiK80,1
RedmiK80,1
RedmiK80,1
RedmiK80,1
RedmiK80,1
RedmiK80,1
RedmiK80,1
RedmiK80,1
RedmiK80,1
RedmiK80,1
RedmiK80,1
RedmiK80,1
RedmiK80,1
RedmiK80,1
RedmiK80,1
RedmiK80,1
RedmiK80,1
RedmiK80,1
RedmiK80,1
RedmiK80,1
RedmiK80,1
RedmiK80,1
RedmiK80,1
RedmiK80,1
RedmiK80,1
RedmiK80,1
RedmiK80,1
RedmiK80,1
RedmiK80,1
RedmiK80,1
RedmiK80,1
RedmiK80,1
RedmiK80,1
RedmiK80,1
RedmiK80,1
RedmiK80,1
RedmiK80,1
RedmiK80,1
RedmiK80,1
RedmiK80,1
RedmiK80,1
RedmiK80,1
RedmiK80,1
RedmiK80,1
RedmiK80,1
RedmiK80,1
RedmiK80,1
RedmiK80,1
RedmiK80,1
RedmiK80,1
RedmiK80,1
RedmiK80,1
RedmiK80,1
RedmiK80,1
RedmiK80,1
RedmiK80,1
RedmiK80,1
RedmiK80,1
RedmiK80,1
RedmiK80,1
RedmiK80,1
RedmiK80,1
RedmiK80,1
RedmiK80,1
RedmiK80,1
RedmiK80,1
RedmiK80,1
RedmiK80,1
RedmiK80,1
RedmiK80,1
RedmiK80,1
RedmiK80,1
RedmiK80,1
RedmiK80,1
RedmiK80,1
RedmiK80,1
RedmiK80,1
RedmiK80,1
RedmiK80,1
RedmiK80,1
RedmiK80,1
RedmiK80,1
RedmiK80,1
RedmiK80,1
RedmiK80,1
RedmiK80,1
RedmiK80,1
RedmiK80,1
RedmiK80,1
RedmiK80,1
RedmiK80,1
RedmiK80,1
RedmiK80,1
RedmiK80,1
RedmiK80,1
RedmiK80,1
RedmiK80,1
RedmiK80,1
RedmiK80,1
RedmiK80,1
RedmiK80,1
RedmiK80,1
RedmiK80,1
RedmiK80,1
RedmiK80,1
RedmiK80,1
RedmiK80,1
RedmiK80,1
RedmiK80,1
RedmiK80,1
RedmiK80,1
RedmiK80,1
RedmiK80,1
RedmiK80,1
RedmiK80,1
RedmiK80,1
RedmiK80,1
RedmiK80,1
RedmiK80,1
RedmiK80,1
RedmiK80,1
RedmiK80,1
RedmiK80,1
RedmiK80,1
RedmiK80,1
RedmiK80,1
RedmiK80,1
RedmiK80,1
RedmiK80,1
RedmiK80,1
RedmiK80,1
RedmiK80,1
RedmiK80,1
RedmiK80,1
RedmiK80,1
RedmiK80,1
RedmiK80,1
RedmiK80,1
RedmiK80,1
RedmiK80,1
RedmiK80,1
RedmiK80,1
RedmiK80,1
RedmiK80,1
RedmiK80,1
RedmiK80,1
RedmiK80,1
RedmiK80,1
RedmiK80,1
RedmiK80,1
RedmiK80,1
RedmiK80,1
RedmiK80,1
RedmiK80,1
RedmiK80,1
RedmiK80,1
RedmiK80,1
RedmiK80,1
RedmiK80,1
RedmiK80,1
RedmiK80,1
RedmiK80,1
RedmiK80,1
RedmiK80,1
RedmiK80,1
RedmiK80,1
RedmiK80,1
RedmiK80,1
RedmiK80,1
RedmiK80,1
RedmiK80,1
RedmiK80,1
RedmiK80,1
RedmiK80,1
RedmiK80,1
RedmiK80,1
RedmiK80,1
RedmiK80,1
RedmiK80,1
RedmiK80,1
RedmiK80,1
RedmiK80,1
RedmiK80,1
RedmiK80,1
RedmiK80,1
RedmiK80,1
RedmiK80,1
RedmiK80,1
RedmiK80,1
RedmiK80,1
RedmiK80,1
RedmiK80,1
RedmiK80,1
RedmiK80,1
RedmiK80,1
RedmiK80,1
RedmiK80,1
RedmiK80,1
RedmiK80,1
RedmiK80,1
RedmiK80,1
RedmiK80,1
RedmiK80,1
RedmiK80,1
RedmiK80,1
RedmiK80,1
RedmiK80,1
RedmiK80,1
RedmiK80,1
RedmiK80,1
RedmiK80,1
RedmiK80,1
RedmiK80,1
RedmiK80,1
RedmiK80,1
RedmiK80,1
RedmiK80,1
RedmiK80,1
RedmiK80,1
RedmiK80,1
RedmiK80,1
RedmiK80,1
RedmiK80,1
RedmiK80,1
RedmiK80,1
RedmiK80,1
RedmiK80,1
RedmiK80,1
RedmiK80,1
RedmiK80,1
RedmiK80,1
RedmiK80,1
RedmiK80,1
RedmiK80,1
RedmiK80,1
RedmiK80,1
RedmiK80,1
RedmiK80,1
RedmiK80,1
RedmiK80,1
RedmiK80,1
RedmiK80,1
RedmiK80,1
RedmiK80,1
RedmiK80,1
RedmiK80,1
RedmiK80,1
RedmiK80,1
RedmiK80,1
RedmiK80,1
RedmiK80,1
RedmiK80,1
RedmiK80,1
RedmiK80,1
RedmiK80,1
RedmiK80,1
RedmiK80,1
RedmiK80,1
vivo iQOO Neo10,0
vivo iQOO Neo10,0
vivo iQOO Neo10,0
vivo iQOO Neo10,0
vivo iQOO Neo10,0
vivo iQOO Neo10,0
vivo iQOO Neo10,0
vivo iQOO Neo10,0
vivo iQOO Neo10,0
vivo iQOO Neo10,0
vivo iQOO Neo10,0
vivo iQOO Neo10,0
vivo iQOO Neo10,0
vivo iQOO Neo10,0
vivo iQOO Neo10,0
vivo iQOO Neo10,0
vivo iQOO Neo10,0
vivo iQOO Neo10,0
vivo iQOO Neo10,0
vivo iQOO Neo10,0
vivo iQOO Neo10,0
vivo iQOO Neo10,0
vivo iQOO Neo10,0
vivo iQOO Neo10,0
vivo iQOO Neo10,0
vivo iQOO Neo10,0
vivo iQOO Neo10,0
vivo iQOO Neo10,0
vivo iQOO Neo10,0
vivo iQOO Neo10,0
vivo iQOO Neo10,0
vivo iQOO Neo10,0
vivo iQOO Neo10,0
vivo iQOO Neo10,0
vivo iQOO Neo10,0
vivo iQOO Neo10,0
vivo iQOO Neo10,0
vivo iQOO Neo10,0
vivo iQOO Neo10,0
vivo iQOO Neo10,0
vivo iQOO Neo10,0
vivo iQOO Neo10,0
vivo iQOO Neo10,0
vivo iQOO Neo10,0
vivo iQOO Neo10,0
vivo iQOO Neo10,0
vivo iQOO Neo10,0
vivo iQOO Neo10,0
vivo iQOO Neo10,0
vivo iQOO Neo10,0
vivo iQOO Neo10,0
vivo iQOO Neo10,0
vivo iQOO Neo10,0
vivo iQOO Neo10,0
vivo iQOO Neo10,0
vivo iQOO Neo10,0
vivo iQOO Neo10,0
vivo iQOO Neo10,0
vivo iQOO Neo10,0
vivo iQOO Neo10,0
vivo iQOO Neo10,0
vivo iQOO Neo10,0
vivo iQOO Neo10,0
vivo iQOO Neo10,0
vivo iQOO Neo10,0
vivo iQOO Neo10,0
vivo iQOO Neo10,0
vivo iQOO Neo10,0
vivo iQOO Neo10,0
vivo iQOO Neo10,0
vivo iQOO Neo10,0
vivo iQOO Neo10,0
vivo iQOO Neo10,0
vivo iQOO Neo10,0
vivo iQOO Neo10,0
vivo iQOO Neo10,0
vivo iQOO Neo10,0
vivo iQOO Neo10,0
vivo iQOO Neo10,0
vivo iQOO Neo10,0
vivo iQOO Neo10,0
vivo iQOO Neo10,0
vivo iQOO Neo10,0
vivo iQOO Neo10,0
vivo iQOO Neo10,0
vivo iQOO Neo10,0
vivo iQOO Neo10,0
vivo iQOO Neo10,0
vivo iQOO Neo10,0
vivo iQOO Neo10,0
vivo iQOO Neo10,0
vivo iQOO Neo10,0
vivo iQOO Neo10,0
vivo iQOO Neo10,0
vivo iQOO Neo10,0
vivo iQOO Neo10,0
vivo iQOO Neo10,0
vivo iQOO Neo10,0
vivo iQOO Neo10,0
vivo iQOO Neo10,0
vivo iQOO Neo10,0
vivo iQOO Neo10,0
vivo iQOO Neo10,0
vivo iQOO Neo10,0
vivo iQOO Neo10,0
vivo iQOO Neo10,0
vivo iQOO Neo10,0
vivo iQOO Neo10,0
vivo iQOO Neo10,0
vivo iQOO Neo10,0
vivo iQOO Neo10,0
vivo iQOO Neo10,0
vivo iQOO Neo10,0
vivo iQOO Neo10,0
vivo iQOO Neo10,0
vivo iQOO Neo10,0
vivo iQOO Neo10,0
vivo iQOO Neo10,0
vivo iQOO Neo10,0
vivo iQOO Neo10,0
vivo iQOO Neo10,0
vivo iQOO Neo10,0
vivo iQOO Neo10,0
vivo iQOO Neo10,0
vivo iQOO Neo10,0
vivo iQOO Neo10,0
vivo iQOO Neo10,0
vivo iQOO Neo10,0
vivo iQOO Neo10,0
vivo iQOO Neo10,0
vivo iQOO Neo10,0
vivo iQOO Neo10,0
vivo iQOO Neo10,0
vivo iQOO Neo10,0
vivo iQOO Neo10,0
vivo iQOO Neo10,0
vivo iQOO Neo10,0
vivo iQOO Neo10,0
vivo iQOO Neo10,0
vivo iQOO Neo10,0
vivo iQOO Neo10,0
vivo iQOO Neo10,0
vivo iQOO Neo10,0
vivo iQOO Neo10,0
vivo iQOO Neo10,0
vivo iQOO Neo10,0
vivo iQOO Neo10,0
vivo iQOO Neo10,0
vivo iQOO Neo10,0
vivo iQOO Neo10,0
vivo iQOO Neo10,0
vivo iQOO Neo10,0
vivo iQOO Neo10,0
vivo iQOO Neo10,0
vivo iQOO Neo10,0
vivo iQOO Neo10,0
vivo iQOO Neo10,0
vivo iQOO Neo10,0
vivo iQOO Neo10,0
vivo iQOO Neo10,0
vivo iQOO Neo10,0
vivo iQOO Neo10,0
vivo iQOO Neo10,0
vivo iQOO Neo10,0
vivo iQOO Neo10,0
vivo iQOO Neo10,0
vivo iQOO Neo10,0
vivo iQOO Neo10,0
vivo iQOO Neo10,0
vivo iQOO Neo10,0
vivo iQOO Neo10,0
vivo iQOO Neo10,0
vivo iQOO Neo10,0
vivo iQOO Neo10,0
vivo iQOO Neo10,0
vivo iQOO Neo10,0
vivo iQOO Neo10,0
vivo iQOO Neo10,0
vivo iQOO Neo10,0
vivo iQOO Neo10,0
vivo iQOO Neo10,0
vivo iQOO Neo10,0
vivo iQOO Neo10,0
vivo iQOO Neo10,0
vivo iQOO Neo10,0
vivo iQOO Neo10,0
vivo iQOO Neo10,0
vivo iQOO Neo10,0
vivo iQOO Neo10,0
vivo iQOO Neo10,0
vivo iQOO Neo10,0
vivo iQOO Neo10,0
vivo iQOO Neo10,0
vivo iQOO Neo10,0
vivo iQOO Neo10,0
vivo iQOO Neo10,0
vivo iQOO Neo10,0
vivo iQOO Neo10,0
vivo iQOO Neo10,0
vivo iQOO Neo10,0
vivo iQOO Neo10,0
vivo iQOO Neo10,0
vivo iQOO Neo10,0
vivo iQOO Neo10,0
vivo iQOO Neo10,0
vivo iQOO Neo10,0
vivo iQOO Neo10,0
vivo iQOO Neo10,0
vivo iQOO Neo10,0
vivo iQOO Neo10,0
vivo iQOO Neo10,0
vivo iQOO Neo10,0
vivo iQOO Neo10,0
vivo iQOO Neo10,0
vivo iQOO Neo10,0
vivo iQOO Neo10,0
vivo iQOO Neo10,0
vivo iQOO Neo10,0
vivo iQOO Neo10,0
vivo iQOO Neo10,0
vivo iQOO Neo10,0
vivo iQOO Neo10,0
vivo iQOO Neo10,0
vivo iQOO Neo10,0
vivo iQOO Neo10,0
vivo iQOO Neo10,0
vivo iQOO Neo10,0
vivo iQOO Neo10,0
vivo iQOO Neo10,0
vivo iQOO Neo10,0
vivo iQOO Neo10,0
vivo iQOO Neo10,0
vivo iQOO Neo10,0
vivo iQOO Neo10,0
vivo iQOO Neo10,0
vivo iQOO Neo10,0
vivo iQOO Neo10,0
vivo iQOO Neo10,0
vivo iQOO Neo10,0
vivo iQOO Neo10,0
vivo iQOO Neo10,0
vivo iQOO Neo10,0
vivo iQOO Neo10,0
vivo iQOO Neo10,0
vivo iQOO Neo10,0
vivo iQOO Neo10,0
vivo iQOO Neo10,0
vivo iQOO Neo10,0
vivo iQOO Neo10,0
vivo iQOO Neo10,0
vivo iQOO Neo10,0
vivo iQOO Neo10,0
vivo iQOO Neo10,0
vivo iQOO Neo10,0
vivo iQOO Neo10,0
vivo iQOO Neo10,0
vivo iQOO Neo10,0
vivo iQOO Neo10,0
vivo iQOO Neo10,0
vivo iQOO Neo10,0
vivo iQOO Neo10,0
vivo iQOO Neo10,0
vivo iQOO Neo10,0
vivo iQOO Neo10,0
vivo iQOO Neo10,0
vivo iQOO Neo10,0
vivo iQOO Neo10,0
vivo iQOO Neo10,0
vivo iQOO Neo10,0
vivo iQOO Neo10,0
vivo iQOO Neo10,0
vivo iQOO Neo10,0
vivo iQOO Neo10,0
vivo iQOO Neo10,0
vivo iQOO Neo10,0
vivo iQOO Neo10,0
vivo iQOO Neo10,0
vivo iQOO Neo10,0
vivo iQOO Neo10,0
vivo iQOO Neo10,0
vivo iQOO Neo10,0
vivo iQOO Neo10,0
vivo iQOO Neo10,0
vivo iQOO Neo10,0
vivo iQOO Neo10,0
vivo iQOO Neo10,0
vivo iQOO Neo10,0
vivo iQOO Neo10,0
vivo iQOO Neo10,0
vivo iQOO Neo10,0
vivo iQOO Neo10,0
vivo iQOO Neo10,0
vivo iQOO Neo10,0
vivo iQOO Neo10,0
vivo iQOO Neo10,0
vivo iQOO Neo10,0
vivo iQOO Neo10,0
vivo iQOO Neo10,0
vivo iQOO Neo10,0
vivo iQOO Neo10,0
vivo iQOO Neo10,0
vivo iQOO Neo10,0
vivo iQOO Neo10,0
vivo iQOO Neo10,0
vivo iQOO Neo10,0
vivo iQOO Neo10,0
vivo iQOO Neo10,0
vivo iQOO Neo10,0
vivo iQOO Neo10,0
vivo iQOO Neo10,0
vivo iQOO Neo10,0
vivo iQOO Neo10,0
vivo iQOO Neo10,0
vivo iQOO Neo10,0
vivo iQOO Neo10,0
vivo iQOO Neo10,0
vivo iQOO Neo10,0
vivo iQOO Neo10,0
vivo iQOO Neo10,0
vivo iQOO Neo10,0
vivo iQOO Neo10,0
vivo iQOO Neo10,0
vivo iQOO Neo10,0
vivo iQOO Neo10,0
vivo iQOO Neo10,0
vivo iQOO Neo10,0
vivo iQOO Neo10,0
vivo iQOO Neo10,0
vivo iQOO Neo10,0
vivo iQOO Neo10,0
vivo iQOO Neo10,0
vivo iQOO Neo10,0
vivo iQOO Neo10,0
vivo iQOO Neo10,0
vivo iQOO Neo10,0
vivo iQOO Neo10,0
vivo iQOO Neo10,0
vivo iQOO Neo10,0
vivo iQOO Neo10,0
vivo iQOO Neo10,0
vivo iQOO Neo10,0
vivo iQOO Neo10,0
vivo iQOO Neo10,0
vivo iQOO Neo10,0
vivo iQOO Neo10,0
vivo iQOO Neo10,0
vivo iQOO Neo10,0
vivo iQOO Neo10,0
vivo iQOO Neo10,0
vivo iQOO Neo10,0
vivo iQOO Neo10,0
vivo iQOO Neo10,0
vivo iQOO Neo10,0
vivo iQOO Neo10,0
vivo iQOO Neo10,0
vivo iQOO Neo10,0
vivo iQOO Neo10,0
vivo iQOO Neo10,0
vivo iQOO Neo10,0
vivo iQOO Neo10,0
vivo iQOO Neo10,0
vivo iQOO Neo10,0
vivo iQOO Neo10,0
vivo iQOO Neo10,0
vivo iQOO Neo10,0
vivo iQOO Neo10,0
vivo iQOO Neo10,0
vivo iQOO Neo10,0
vivo iQOO Neo10,0
vivo iQOO Neo10,0
vivo iQOO Neo10,0
vivo iQOO Neo10,0
vivo iQOO Neo10,0
vivo iQOO Neo10,0
vivo iQOO Neo10,0
vivo iQOO Neo10,0
vivo iQOO Neo10,0
vivo iQOO Neo10,0
vivo iQOO Neo10,0
vivo iQOO Neo10,0
vivo iQOO Neo10,0
vivo iQOO Neo10,0
vivo iQOO Neo10,0
vivo iQOO Neo10,0
vivo iQOO Neo10,0
vivo iQOO Neo10,0
vivo iQOO Neo10,0
vivo iQOO Neo10,0
vivo iQOO Neo10,0
vivo iQOO Neo10,0
vivo iQOO Neo10,0
vivo iQOO Neo10,0
vivo iQOO Neo10,0
vivo iQOO Neo10,0
vivo iQOO Neo10,0
vivo iQOO Neo10,0
vivo iQOO Neo10,0
vivo iQOO Neo10,0
vivo iQOO Neo10,0
vivo iQOO Neo10,0
vivo iQOO Neo10,0
vivo iQOO Neo10,0
vivo iQOO Neo10,0
vivo iQOO Neo10,0
vivo iQOO Neo10,0
vivo iQOO Neo10,0
vivo iQOO Neo10,0
vivo iQOO Neo10,0
vivo iQOO Neo10,0
vivo iQOO Neo10,0
vivo iQOO Neo10,0
vivo iQOO Neo10,0
vivo iQOO Neo10,0
vivo iQOO Neo10,0
vivo iQOO Neo10,0
vivo iQOO Neo10,0
vivo iQOO Neo10,0
vivo iQOO Neo10,0
vivo iQOO Neo10,0
vivo iQOO Neo10,0
vivo iQOO Neo10,0
vivo iQOO Neo10,0
vivo iQOO Neo10,0
vivo iQOO Neo10,0
vivo iQOO Neo10,0
vivo iQOO Neo10,0
vivo iQOO Neo10,0
vivo iQOO Neo10,0
vivo iQOO Neo10,0
vivo iQOO Neo10,0
vivo iQOO Neo10,0
vivo iQOO Neo10,0
vivo iQOO Neo10,0
vivo iQOO Neo10,0
vivo iQOO Neo10,0
vivo iQOO Neo10,0
vivo iQOO Neo10,0
vivo iQOO Neo10,0
vivo iQOO Neo10,0
vivo iQOO Neo10,0
vivo iQOO Neo10,0
vivo iQOO Neo10,0
vivo iQOO Neo10,0
vivo iQOO Neo10,0
vivo iQOO Neo10,0
vivo iQOO Neo10,0
vivo iQOO Neo10,0
vivo iQOO Neo10,0
vivo iQOO Neo10,0
vivo iQOO Neo10,0
vivo iQOO Neo10,0
vivo iQOO Neo10,0
vivo iQOO Neo10,0
vivo iQOO Neo10,0
vivo iQOO Neo10,0
vivo iQOO Neo10,0
vivo iQOO Neo10,0
vivo iQOO Neo10,0
vivo iQOO Neo10,0
vivo iQOO Neo10,0
vivo iQOO Neo10,0
vivo iQOO Neo10,0
vivo iQOO Neo10,0
vivo iQOO Neo10,0
vivo iQOO Neo10,0
vivo iQOO Neo10,0
vivo iQOO Neo10,0
vivo iQOO Neo10,0
vivo iQOO Neo10,0
vivo iQOO Neo10,0
vivo iQOO Neo10,0
vivo iQOO Neo10,0
vivo iQOO Neo10,0
vivo iQOO Neo10,0
vivo iQOO Neo10,0
vivo iQOO Neo10,0
vivo iQOO Neo10,0
vivo iQOO Neo10,0
vivo iQOO Neo10,0
vivo iQOO Neo10,0
vivo iQOO Neo10,0
vivo iQOO Neo10,0
vivo iQOO Neo10,0
vivo iQOO Neo10,0
vivo iQOO Neo10,0
vivo iQOO Neo10,0
vivo iQOO Neo10,0
vivo iQOO Neo10,0
vivo iQOO Neo10,0
vivo iQOO Neo10,0
vivo iQOO Neo10,0
vivo iQOO Neo10,0
vivo iQOO Neo10,0
vivo iQOO Neo10,0
vivo iQOO Neo10,0
vivo iQOO Neo10,0
vivo iQOO Neo10,0
vivo iQOO Neo10,0
vivo iQOO Neo10,0
vivo iQOO Neo10,0
vivo iQOO Neo10,0
vivo iQOO Neo10,0
vivo iQOO Neo10,0
vivo iQOO Neo10,0
vivo iQOO Neo10,0
vivo iQOO Neo10,0
vivo iQOO Neo10,0
vivo iQOO Neo10,0
vivo iQOO Neo10,0
vivo iQOO Neo10,0
vivo iQOO Neo10,0
vivo iQOO Neo10,0
vivo iQOO Neo10,0
vivo iQOO Neo10,0
vivo iQOO Neo10,0
vivo iQOO Neo10,0
vivo iQOO Neo10,0
vivo iQOO Neo10,0
vivo iQOO Neo10,0
vivo iQOO Neo10,0
vivo iQOO Neo10,0
vivo iQOO Neo10,0
vivo iQOO Neo10,0
vivo iQOO Neo10,0
vivo iQOO Neo10,0
vivo iQOO Neo10,0
vivo iQOO Neo10,0
vivo iQOO Neo10,0
vivo iQOO Neo10,0
vivo iQOO Neo10,0
vivo iQOO Neo10,0
vivo iQOO Neo10,0
vivo iQOO Neo10,0
vivo iQOO Neo10,0
vivo iQOO Neo10,0
vivo iQOO Neo10,0
vivo iQOO Neo10,0
vivo iQOO Neo10,0
vivo iQOO Neo10,0
vivo iQOO Neo10,0
vivo iQOO Neo10,0
vivo iQOO Neo10,0
vivo iQOO Neo10,0
vivo iQOO Neo10,0
vivo iQOO Neo10,0
vivo iQOO Neo10,0
vivo iQOO Neo10,0
vivo iQOO Neo10,0
vivo iQOO Neo10,0
vivo iQOO Neo10,0
vivo iQOO Neo10,0
vivo iQOO Neo10,0
vivo iQOO Neo10,0
vivo iQOO Neo10,0
vivo iQOO Neo10,0
vivo iQOO Neo10,0
vivo iQOO Neo10,0
vivo iQOO Neo10,0
vivo iQOO Neo10,0
vivo iQOO Neo10,0
vivo iQOO Neo10,0
vivo iQOO Neo10,0
vivo iQOO Neo10,0
vivo iQOO Neo10,0
vivo iQOO Neo10,0
vivo iQOO Neo10,0
vivo iQOO Neo10,0
vivo iQOO Neo10,0
vivo iQOO Neo10,0
vivo iQOO Neo10,0
vivo iQOO Neo10,0
vivo iQOO Neo10,0
vivo iQOO Neo10,0
vivo iQOO Neo10,0
vivo iQOO Neo10,0
vivo iQOO Neo10,0
vivo iQOO Neo10,0
vivo iQOO Neo10,0
vivo iQOO Neo10,0
vivo iQOO Neo10,0
vivo iQOO Neo10,0
vivo iQOO Neo10,0
vivo iQOO Neo10,0
vivo iQOO Neo10,0
vivo iQOO Neo10,0
vivo iQOO Neo10,0
vivo iQOO Neo10,0
vivo iQOO Neo10,0
vivo iQOO Neo10,0
vivo iQOO Neo10,0
vivo iQOO Neo10,0
vivo iQOO Neo10,0
vivo iQOO Neo10,0
vivo iQOO Neo10,0
vivo iQOO Neo10,0
vivo iQOO Neo10,0
vivo iQOO Neo10,0
vivo iQOO Neo10,0
vivo iQOO Neo10,0
vivo iQOO Neo10,0
vivo iQOO Neo10,0
vivo iQOO Neo10,0
vivo iQOO Neo10,0
vivo iQOO Neo10,0
vivo iQOO Neo10,0
vivo iQOO Neo10,0
vivo iQOO Neo10,0
vivo iQOO Neo10,0
vivo iQOO Neo10,0
vivo iQOO Neo10,0
vivo iQOO Neo10,0
vivo iQOO Neo10,0
vivo iQOO Neo10,0
vivo iQOO Neo10,0
vivo iQOO Neo10,0
vivo iQOO Neo10,0
vivo iQOO Neo10,0
vivo iQOO Neo10,0
vivo iQOO Neo10,0
vivo iQOO Neo10,0
vivo iQOO Neo10,0
vivo iQOO Neo10,0
vivo iQOO Neo10,0
vivo iQOO Neo10,0
vivo iQOO Neo10,0
vivo iQOO Neo10,0
vivo iQOO Neo10,0
vivo iQOO Neo10,0
vivo iQOO Neo10,0
vivo iQOO Neo10,0
vivo iQOO Neo10,0
vivo iQOO Neo10,0
vivo iQOO Neo10,0
vivo iQOO Neo10,0
vivo iQOO Neo10,0
vivo iQOO Neo10,0
vivo iQOO Neo10,0
vivo iQOO Neo10,0
vivo iQOO Neo10,0
vivo iQOO Neo10,0
vivo iQOO Neo10,0
vivo iQOO Neo10,0
vivo iQOO Neo10,0
vivo iQOO Neo10,0
vivo iQOO Neo10,0
vivo iQOO Neo10,0
vivo iQOO Neo10,0
vivo iQOO Neo10,0
vivo iQOO Neo10,0
vivo iQOO Neo10,0
vivo iQOO Neo10,0
vivo iQOO Neo10,0
vivo iQOO Neo10,0
vivo iQOO Neo10,0
vivo iQOO Neo10,0
vivo iQOO Neo10,0
vivo iQOO Neo10,0
vivo iQOO Neo10,0
vivo iQOO Neo10,0
vivo iQOO Neo10,0
vivo iQOO Neo10,0
vivo iQOO Neo10,0
vivo iQOO Neo10,0
vivo iQOO Neo10,0
vivo iQOO Neo10,0
vivo iQOO Neo10,0
vivo iQOO Neo10,0
vivo iQOO Neo10,0
vivo iQOO Neo10,0
vivo iQOO Neo10,0
vivo iQOO Neo10,0
vivo iQOO Neo10,0
vivo iQOO Neo10,0
vivo iQOO Neo10,0
vivo iQOO Neo10,0
vivo iQOO Neo10,0
vivo iQOO Neo10,0
vivo iQOO Neo10,0
vivo iQOO Neo10,0
vivo iQOO Neo10,0
vivo iQOO Neo10,0
vivo iQOO Neo10,0
vivo iQOO Neo10,0
vivo iQOO Neo10,0
vivo iQOO Neo10,0
vivo iQOO Neo10,0
vivo iQOO Neo10,0
vivo iQOO Neo10,0
vivo iQOO Neo10,0
vivo iQOO Neo10,0
vivo iQOO Neo10,0
vivo iQOO Neo10,0
vivo iQOO Neo10,0
vivo iQOO Neo10,0
vivo iQOO Neo10,0
vivo iQOO Neo10,0
vivo iQOO Neo10,0
vivo iQOO Neo10,0
vivo iQOO Neo10,0
vivo iQOO Neo10,0
vivo iQOO Neo10,0
vivo iQOO Neo10,0
vivo iQOO Neo10,0
vivo iQOO Neo10,0
vivo iQOO Neo10,0
vivo iQOO Neo10,0
vivo iQOO Neo10,0
vivo iQOO Neo10,0
vivo iQOO Neo10,0
vivo iQOO Neo10,0
vivo iQOO Neo10,0
vivo iQOO Neo10,0
vivo iQOO Neo10,0
vivo iQOO Neo10,0
vivo iQOO Neo10,0
vivo iQOO Neo10,0
vivo iQOO Neo10,0
vivo iQOO Neo10,0
vivo iQOO Neo10,0
vivo iQOO Neo10,0
vivo iQOO Neo10,0
vivo iQOO Neo10,0
vivo iQOO Neo10,0
vivo iQOO Neo10,0
vivo iQOO Neo10,0
vivo iQOO Neo10,0
vivo iQOO Neo10,0
vivo iQOO Neo10,0
vivo iQOO Neo10,0
vivo iQOO Neo10,0
vivo iQOO Neo10,0
vivo iQOO Neo10,0
vivo iQOO Neo10,0
vivo iQOO Neo10,0
vivo iQOO Neo10,0
vivo iQOO Neo10,0
vivo iQOO Neo10,0
vivo iQOO Neo10,0
vivo iQOO Neo10,0
vivo iQOO Neo10,0
vivo iQOO Neo10,0
vivo iQOO Neo10,0
vivo iQOO Neo10,0
vivo iQOO Neo10,0
vivo iQOO Neo10,0
vivo iQOO Neo10,0
vivo iQOO Neo10,0
vivo iQOO Neo10,0
vivo iQOO Neo10,0
vivo iQOO Neo10,0
vivo iQOO Neo10,0
vivo iQOO Neo10,0
vivo iQOO Neo10,0
vivo iQOO Neo10,0
vivo iQOO Neo10,0
vivo iQOO Neo10,0
vivo iQOO Neo10,0
vivo iQOO Neo10,0
vivo iQOO Neo10,0
vivo iQOO Neo10,0
vivo iQOO Neo10,0
vivo iQOO Neo10,0
vivo iQOO Neo10,0
vivo iQOO Neo10,0
vivo iQOO Neo10,0
vivo iQOO Neo10,0
vivo iQOO Neo10,0
vivo iQOO Neo10,0
vivo iQOO Neo10,0
vivo iQOO Neo10,0
vivo iQOO Neo10,0
vivo iQOO Neo10,0
vivo iQOO Neo10,0
vivo iQOO Neo10,0
vivo iQOO Neo10,0
vivo iQOO Neo10,0
vivo iQOO Neo10,0
vivo iQOO Neo10,0
vivo iQOO Neo10,0
vivo iQOO Neo10,0
vivo iQOO Neo10,0
vivo iQOO Neo10,0
vivo iQOO Neo10,0
vivo iQOO Neo10,0
vivo iQOO Neo10,0
vivo iQOO Neo10,0
vivo iQOO Neo10,0
vivo iQOO Neo10,0
vivo iQOO Neo10,0
vivo iQOO Neo10,0
vivo iQOO Neo10,0
vivo iQOO Neo10,0
vivo iQOO Neo10,0
vivo iQOO Neo10,0
vivo iQOO Neo10,0
vivo iQOO Neo10,0
vivo iQOO Neo10,0
vivo iQOO Neo10,0
vivo iQOO Neo10,0
vivo iQOO Neo10,0
vivo iQOO Neo10,0
vivo iQOO Neo10,0
vivo iQOO Neo10,0
vivo iQOO Neo10,0
vivo iQOO Neo10,0
vivo iQOO Neo10,0
vivo iQOO Neo10,0
vivo iQOO Neo10,0
vivo iQOO Neo10,0
vivo iQOO Neo10,0
vivo iQOO Neo10,0
vivo iQOO Neo10,0
vivo iQOO Neo10,0
vivo iQOO Neo10,0
vivo iQOO Neo10,0
vivo iQOO Neo10,0
vivo iQOO Neo10,0
vivo iQOO Neo10,0
vivo iQOO Neo10,0
vivo iQOO Neo10,0
vivo iQOO Neo10,0
vivo iQOO Neo10,0
vivo iQOO Neo10,0
vivo iQOO Neo10,0
vivo iQOO Neo10,0
vivo iQOO Neo10,0
vivo iQOO Neo10,0
vivo iQOO Neo10,0
vivo iQOO Neo10,0
vivo iQOO Neo10,0
vivo iQOO Neo10,0
vivo iQOO Neo10,0
vivo iQOO Neo10,0
vivo iQOO Neo10,0
vivo iQOO Neo10,0
vivo iQOO Neo10,0
vivo iQOO Neo10,0
vivo iQOO Neo10,0
vivo iQOO Neo10,0
vivo iQOO Neo10,0
vivo iQOO Neo10,0
vivo iQOO Neo10,0
vivo iQOO Neo10,0
vivo iQOO Neo10,0
vivo iQOO Neo10,0
vivo iQOO Neo10,0
vivo iQOO Neo10,0
vivo iQOO Neo10,0
vivo iQOO Neo10,0
vivo iQOO Neo10,0
vivo iQOO Neo10,0
vivo iQOO Neo10,0
vivo iQOO Neo10,0
vivo iQOO Neo10,0
vivo iQOO Neo10,0
vivo iQOO Neo10,0
vivo iQOO Neo10,0
vivo iQOO Neo10,0
vivo iQOO Neo10,0
vivo iQOO Neo10,0
vivo iQOO Neo10,0
vivo iQOO Neo10,0
vivo iQOO Neo10,0
vivo iQOO Neo10,0
vivo iQOO Neo10,0
vivo iQOO Neo10,0
vivo iQOO Neo10,0
vivo iQOO Neo10,0
vivo iQOO Neo10,0
vivo iQOO Neo10,0
vivo iQOO Neo10,0
vivo iQOO Neo10,0
vivo iQOO Neo10,0
vivo iQOO Neo10,0
vivo iQOO Neo10,0
vivo iQOO Neo10,0
vivo iQOO Neo10,0
vivo iQOO Neo10,0
vivo iQOO Neo10,0
vivo iQOO Neo10,0
vivo iQOO Neo10,0
vivo iQOO Neo10,0
vivo iQOO Neo10,0
vivo iQOO Neo10,0
vivo iQOO Neo10,0
vivo iQOO Neo10,0
vivo iQOO Neo10,0
vivo iQOO Neo10,0
vivo iQOO Neo10,0
vivo iQOO Neo10,0
vivo iQOO Neo10,0
vivo iQOO Neo10,0
vivo iQOO Neo10,0
vivo iQOO Neo10,0
vivo iQOO Neo10,0
vivo iQOO Neo10,0
vivo iQOO Neo10,0
vivo iQOO Neo10,0
vivo iQOO Neo10,0
vivo iQOO Neo10,0
vivo iQOO Neo10,0
vivo iQOO Neo10,0
vivo iQOO Neo10,0
vivo iQOO Neo10,0
vivo iQOO Neo10,0
vivo iQOO Neo10,0
vivo iQOO Neo10,0
vivo iQOO Neo10,0
vivo iQOO Neo10,0
vivo iQOO Neo10,0
vivo iQOO Neo10,0
vivo iQOO Neo10,0
vivo iQOO Neo10,0
vivo iQOO Neo10,0
vivo iQOO Neo10,0
vivo iQOO Neo10,0
vivo iQOO Neo10,0
vivo iQOO Neo10,0
vivo iQOO Neo10,0
vivo iQOO Neo10,0
vivo iQOO Neo10,0
vivo iQOO Neo10,0
vivo iQOO Neo10,0
vivo iQOO Neo10,0
vivo iQOO Neo10,0
vivo iQOO Neo10,0
vivo iQOO Neo10,0
vivo iQOO Neo10,0
vivo iQOO Neo10,0
vivo iQOO Neo10,0
vivo iQOO Neo10,0
vivo iQOO Neo10,0
vivo iQOO Neo10,0
vivo iQOO Neo10,0
vivo iQOO Neo10,0
vivo iQOO Neo10,0
vivo iQOO Neo10,0
vivo iQOO Neo10,0
vivo iQOO Neo10,0
vivo iQOO Neo10,0
vivo iQOO Neo10,0
vivo iQOO Neo10,0
vivo iQOO Neo10,0
vivo iQOO Neo10,0
vivo iQOO Neo10,0
vivo iQOO Neo10,0
vivo iQOO Neo10,0
vivo iQOO Neo10,0
vivo iQOO Neo10,0
vivo iQOO Neo10,0
vivo iQOO Neo10,0
vivo iQOO Neo10,0
vivo iQOO Neo10,0
vivo iQOO Neo10,0
vivo iQOO Neo10,0
vivo iQOO Neo10,0
vivo iQOO Neo10,0
vivo iQOO Neo10,0
vivo iQOO Neo10,0
vivo iQOO Neo10,0
vivo iQOO Neo10,0
vivo iQOO Neo10,0
vivo iQOO Neo10,0
vivo iQOO Neo10,0
vivo iQOO Neo10,0
vivo iQOO Neo10,0
vivo iQOO Neo10,0
vivo iQOO Neo10,0
vivo iQOO Neo10,0
vivo iQOO Neo10,0
vivo iQOO Neo10,0
vivo iQOO Neo10,0
vivo iQOO Neo10,0
vivo iQOO Neo10,0
vivo iQOO Neo10,0
vivo iQOO Neo10,0
vivo iQOO Neo10,0
vivo iQOO Neo10,0
vivo iQOO Neo10,0
vivo iQOO Neo10,0
vivo iQOO Neo10,0
vivo iQOO Neo10,0
vivo iQOO Neo10,0
vivo iQOO Neo10,0
vivo iQOO Neo10,0
vivo iQOO Neo10,0
vivo iQOO Neo10,0
vivo iQOO Neo10,0
vivo iQOO Neo10,0
vivo iQOO Neo10,0
vivo iQOO Neo10,0
vivo iQOO Neo10,0
vivo iQOO Neo10,0
vivo iQOO Neo10,0
vivo iQOO Neo10,0
vivo iQOO Neo10,0
vivo iQOO Neo10,0
vivo iQOO Neo10,0
vivo iQOO Neo10,0
vivo iQOO Neo10,2
vivo iQOO Neo10,2
vivo iQOO Neo10,2
vivo iQOO Neo10,2
vivo iQOO Neo10,2
vivo iQOO Neo10,2
vivo iQOO Neo10,2
vivo iQOO Neo10,2
vivo iQOO Neo10,2
vivo iQOO Neo10,2
vivo iQOO Neo10,2
vivo iQOO Neo10,2
vivo iQOO Neo10,2
vivo iQOO Neo10,2
vivo iQOO Neo10,2
vivo iQOO Neo10,2
vivo iQOO Neo10,2
vivo iQOO Neo10,2
vivo iQOO Neo10,1
vivo iQOO Neo10,1
vivo iQOO Neo10,1
vivo iQOO Neo10,1
vivo iQOO Neo10,1
vivo iQOO Neo10,1
vivo iQOO Neo10,1
vivo iQOO Neo10,1
vivo iQOO Neo10,1
vivo iQOO Neo10,1
vivo iQOO Neo10,1
vivo iQOO Neo10,1
vivo iQOO Neo10,1
vivo iQOO Neo10,1
vivo iQOO Neo10,1
vivo iQOO Neo10,1
vivo iQOO Neo10,1
vivo iQOO Neo10,1
vivo iQOO Neo10,1
vivo iQOO Neo10,1
vivo iQOO Neo10,1
vivo iQOO Neo10,1
vivo iQOO Neo10,1
vivo iQOO Neo10,1
vivo iQOO Neo10,1
vivo iQOO Neo10,1
vivo iQOO Neo10,1
vivo iQOO Neo10,1
vivo iQOO Neo10,1
vivo iQOO Neo10,1
vivo iQOO Neo10,1
vivo iQOO Neo10,1
vivo iQOO Neo10,1
vivo iQOO Neo10,1
vivo iQOO Neo10,1
vivo iQOO Neo10,1
vivo iQOO Neo10,1
vivo iQOO Neo10,1
vivo iQOO Neo10,1
vivo iQOO Neo10,1
vivo iQOO Neo10,1
vivo iQOO Neo10,1
vivo iQOO Neo10,1
vivo iQOO Neo10,1
vivo iQOO Neo10,1
vivo iQOO Neo10,1
vivo iQOO Neo10,1
vivo iQOO Neo10,1
vivo iQOO Neo10,1
vivo iQOO Neo10,1
vivo iQOO Neo10,1
vivo iQOO Neo10,1
vivo iQOO Neo10,1
vivo iQOO Neo10,1
vivo iQOO Neo10,1
vivo iQOO Neo10,1
vivo iQOO Neo10,1
vivo iQOO Neo10,1
vivo iQOO Neo10,1
vivo iQOO Neo10,1
vivo iQOO Neo10,1
vivo iQOO Neo10,1
vivo iQOO Neo10,1
vivo iQOO Neo10,1
vivo iQOO Neo10,1
vivo iQOO Neo10,1
vivo iQOO Neo10,1
vivo iQOO Neo10,1
vivo iQOO Neo10,1
vivo iQOO Neo10,1
vivo iQOO Neo10,1
vivo iQOO Neo10,1
vivo iQOO Neo10,1
vivo iQOO Neo10,1
vivo iQOO Neo10,1
vivo iQOO Neo10,1
vivo iQOO Neo10,1
vivo iQOO Neo10,1
vivo iQOO Neo10,1
vivo iQOO Neo10,1
vivo iQOO Neo10,1
vivo iQOO Neo10,1
vivo iQOO Neo10,1
vivo iQOO Neo10,1
vivo iQOO Neo10,1
vivo iQOO Neo10,1
vivo iQOO Neo10,1
vivo iQOO Neo10,1
vivo iQOO Neo10,1
vivo iQOO Neo10,1
vivo iQOO Neo10,1
vivo iQOO Neo10,1
vivo iQOO Neo10,1
vivo iQOO Neo10,1
vivo iQOO Neo10,1
vivo iQOO Neo10,1
vivo iQOO Neo10,1
vivo iQOO Neo10,1
vivo iQOO Neo10,1
vivo iQOO Neo10,1
vivo iQOO Neo10,1
vivo iQOO Neo10,1
vivo iQOO Neo10,1
vivo iQOO Neo10,1
vivo iQOO Neo10,1
vivo iQOO Neo10,1
vivo iQOO Neo10,1
vivo iQOO Neo10,1
vivo iQOO Neo10,1
vivo iQOO Neo10,1
vivo iQOO Neo10,1
vivo iQOO Neo10,1
vivo iQOO Neo10,1
vivo iQOO Neo10,1
vivo iQOO Neo10,1
vivo iQOO Neo10,1
vivo iQOO Neo10,1
vivo iQOO Neo10,1
vivo iQOO Neo10,1
vivo iQOO Neo10,1
vivo iQOO Neo10,1
vivo iQOO Neo10,1
vivo iQOO Neo10,1
vivo iQOO Neo10,1
vivo iQOO Neo10,1
vivo iQOO Neo10,1
vivo iQOO Neo10,1
vivo iQOO Neo10,1
vivo iQOO Neo10,1
vivo iQOO Neo10,1
vivo iQOO Neo10,1
vivo iQOO Neo10,1
vivo iQOO Neo10,1
vivo iQOO Neo10,1
vivo iQOO Neo10,1
vivo iQOO Neo10,1
vivo iQOO Neo10,1
vivo iQOO Neo10,1
vivo iQOO Neo10,1
vivo iQOO Neo10,1
vivo iQOO Neo10,1
vivo iQOO Neo10,1
vivo iQOO Neo10,1
vivo iQOO Neo10,1
vivo iQOO Neo10,1
vivo iQOO Neo10,1
vivo iQOO Neo10,1
vivo iQOO Neo10,1
vivo iQOO Neo10,1
vivo iQOO Neo10,1
vivo iQOO Neo10,1
vivo iQOO Neo10,1
vivo iQOO Neo10,1
vivo iQOO Neo10,1
vivo iQOO Neo10,1
vivo iQOO Neo10,1
vivo iQOO Neo10,1
vivo iQOO Neo10,1
vivo iQOO Neo10,1
vivo iQOO Neo10,1
vivo iQOO Neo10,1
vivo iQOO Neo10,1
vivo iQOO Neo10,1
vivo iQOO Neo10,1
vivo iQOO Neo10,1
vivo iQOO Neo10,1
vivo iQOO Neo10,1
vivo iQOO Neo10,1
vivo iQOO Neo10,1
vivo iQOO Neo10,1
vivo iQOO Neo10,1
