评分,评论内容
5,此用户未及时填写评价内容，系统默认评价！
5,"质量很过关，品质优保障，相当不错的选择，好多朋友看我用都想买，我都推荐了。
感觉就是跟图片质感有点区别。个人感受，这个价钱要是视频摇晃的位置加个竖杆就好了。"
5,物流超级超级快！质量也非常不错，的确物有所值质量让人惊艳！精细的做工，优质的材料，每一处都彰显着高端品质，爱了爱了！
5,不错不错，货收到了，是想要的那种
5,此用户未及时填写评价内容，系统默认评价！
5,这款手机外观时尚，握感舒适，拿在手里不感觉大，新一代屏幕硬度很高，音效相比上一代也有质的提升，运行速度很快，pro+系列的相机拍照效果太赞了，人机交互功能也有新增，卫星电话短信功能可能一辈子用不上，但心里多了一层保障，总体来说很满意。
5,对比之前用的几部手机，华为mate20pro用了四年，突然莫名关机，开一半就关，最终开机后备份好资料就不敢用了。网上说是处理器虚焊，售后贵就没修。不过身边也有用五六年没问题的，总体使用感还不错。苹果13标准版一年后电池健康度掉到94%，系统流畅，但缺点不少。单边手势返回不方便，通话记录只显示100条，无骚扰电话拦截。夏天或气温高时手机发烫严重，导航能烫到关机，4G运行内存拍照等操作常让~重新加载。主要因为最后一个问题换了苹果14标准版，处理器与13相同，但电池健康度掉得极快，半年就掉到84%，好在之后近一年没再掉。基本一天三充，杀后台情况稍有改善，但~仍有概率被杀。有次老婆发~，一小时后才收到，再加上地下车库扫码慢、点击无响应，就决定换手机。现在换的pura70pro+，刚开始使用会发烫，最近连续使用AR看房手机微热，轻度使用比苹果好很多，充电快，系统流畅。没升级最新鸿蒙，4.2版本也够用。裸机手感好，尺寸比苹果标准版大且重，已适应。震动手感不如苹果，信号好、扫码快。拍照后置效果不错，前置稍差，没有3D人脸识别，不过后置有长焦，实用性强，希望苹果标准版以后也能有。
5,"我上一款手机还是p30pro， 以及mate 60pro 从19年用到了现在，也是跟我历经风雨，这次换成了pura70p ro，打开第一眼印象就是好看，拿到手倒是不太适应，因为比起30p大了也沉了，估计得适应两天。续航方面，系统更新提示说会有几天的周期会发烫掉电快，之后会恢复正常，因为不打游戏，其实并没有感觉会很严重。拍照方面，不了解别的，只能说比我之前的手机可真是强太多太多了。运行速度方面没有发现卡顿现象，纵享丝滑。就是唯一不太喜欢的，可能就是双c的充电接口了，总感觉连接充电器的那头不太牢固，总害怕一不小心就弄断了。毕竟新机，后续问题只能后续不断使用中发现，目前来看是很好的产品。
拍照清晰	运行畅快	续航很好"
5,华为Mate70pro+是我近期使用的一款智能手机。在使用过程中，我对其运行速度和拍照效果印象深刻。这款手机的运行速度非常快，无论是打开应用还是进行多任务处理，都能保持流畅。同时，其拍照功能也非常出色，无论是白天还是夜晚，都能拍出清晰、细腻的照片。总的来说，华为Mate70pro+是一款性能优秀、拍照效果出众的手机，值得推荐给需要高性能手机的用户。
5,mate40pro用了4年，256G内存不够了，入手了 mate70pro +，只考虑华为，别的不考虑，铁铁花粉。。。在羽衣白和飞天青之间考虑了好久，还是决定抢白色的，白色与大金环更配。pro +后盖纹理，无论是哪个颜色，都很高级，摄像效果依然很强大，1款是当年的遥遥领先，1款是史上最强大的。期待后期鸿蒙next的使用体验。
5,在京东上面买的华为手机，京东配送小哥送货上门，送货速度还是比较快的。头天晚上买的，第2天早上都收到了，我感觉这个效率还是很不错的。当时快递小哥送货上门，我感觉整个体验感也是很好的
5,一直都想支持国货品牌华为HUAWEI 这是民族骄傲 无奈总是囊中羞涩 赶上最近工资有点涨 加上这款比刚上市时优惠一点 就下单了 物流还是一如既往的快 很喜欢爱不释手。
5,Pura70pro+性能卓越，拍照效果震撼，外观时尚大方，操作流畅无比。不仅外观精美，而且性能稳定，拍照效果更是出类拔萃，绝对的物超所值。使用起来非常舒适，拍照清晰度高，色彩还原准确，是我用过的最好的手机之一。电池续航能力强，充电速度快，外观设计独特，功能强大，非常值得推荐。系统流畅，操作简便，拍照效果非常出色，外观时尚大气，是一款值得购买的旗舰手机。
5,商品质量杠杠的！无论是外观还是性能，都表现出色。材质结实，经久耐用，是我一直想要的那种高品质商品。商品质量杠杠的！无论是外观还是性能，都表现出色。材质结实，经久耐用，是我一直想要的那种高品质商品。
5,外形外观：70Pro+这款手机外观还是非常的不错，颜值贼高，真心喜欢。  屏幕音效：2k的显示屏，显示效果贼好看，丝滑流畅，音质音效非常的不错，对的起旗舰机。  拍照效果：拍照效果具体怎么样，过几天公司不忙了，去风景好的地方拍照看看。  运行速度：运行速度：鸿蒙系统的流畅度没的问题，运行流畅，丝滑不卡顿，一直都是 国人的骄傲。  待机时间：一天办公用下来还是够的，重度使用所有品牌手机电量都是不够用的。  以旧换新：以旧换新力度是非常大的，把自己现在用不到的电子产品换了，在填不了几个钱就能换到今天的华为旗舰机，非常的不错。  其他特色：华为mate70 pro抢不到，pura70 pro+也是不错的选择，都是旗舰机，都是鸿蒙系统，流畅度是没得问题的，值得推荐购买。
5,"华为Pura 70 Pro+，每一次解锁都是与科技未来的握手。超窄边框搭配曲面屏，握在手中，仿佛握住了一整块灵动的水晶，美感与手感兼具。
华为Pura 70 Pro+，性能猛兽实至名归。无论运行大型游戏还是多任务处理，都能轻松应对，流畅度爆表，彻底告别卡顿。
入手华为Pura 70 Pro+，就像拥有了一位专业摄影师。超感光主摄搭配长焦镜头，白天捕捉细节分毫毕现，夜晚暗光拍摄也清晰明亮，轻松定格生活的精彩瞬间 。"
5,本来是想买mate70标准版12+512白色的，现在pura70Pro+的价格跟mate标准版的价格一样，都是5999，这我果断选择pura70Pro+啊，16g运存，四面微曲的屏幕，宽度稍窄，特别适合单手握持。蹲了好几天，终于好价拿下，要是能参加国补那就太好了。
5,今天上午下单，下午京东就送到家了，速度真快。享受国补500元，5499元这价格真是没谁了，新机到手这高级感真不错。我这p30pro五年多了，今天可以平替了，实在是最近几天频繁重启卡机，不换不行了，不过知足了伴随了五年多了，支持国产支持华为👍🏻
5,"在使用Pura 70 Pro的过程中，我深感其出色的性能和用户体验。这款产品的外观设计简洁大方，操作界面直观易用。其强大的处理器确保了流畅的运行速度，无论是日常办公还是娱乐游戏都能轻松应对。同时，Pura 70 Pro的电池续航能力也非常出色，长时间使用无需频繁充电。此外，它的屏幕显示效果清晰细腻，色彩还原度高，视觉体验极佳。

总体而言，Pura 70 Pro是一款性价比极高的产品，无论是性能、外观还是用户体验都表现出色。对于追求高性能和高品质体验的用户来说，这是一款值得推荐的设备。"
5,用了快4年的P40PRO+到现在除了电池和内存不足以外，其他都很好，现在终于换了，已经用了4、5天感觉不错，系统很丝滑，手机手感厚重！除了镜头有一个小意外，其他都很好！
5,东西设计很出彩，质量上乘，材质舒适。商家服务细致入微，上身效果佳，物流迅速，性价比高，还会再来！商品的功能全面且精湛，每一项都让人赞叹。配货速度也很快。服务质量更是没话说，耐心周到，让人感到愉悦。
5,第一次买国产手机，选择京东自营店购买比较放心、目前正在初学使用中，感觉还不错、触屏、截屏都很丝滑、照相机功能较水果机操作复杂、正在尝试学习中，手机造型样式整体感觉好评，支持国货！
5,商品质量好得惊人，感觉物超所值，非常开心购买了这款产品。真的很喜欢，完全超出期望值，发货速度非常快，包装非常仔细、严实，运送速度很快，很满意的一次购物
5,"在这个充满科技魅力的时代，我们有幸见证了一款名为pure70Pro+的设备闪耀登场。这款设备以其卓越的性能和精湛的设计工艺，为我们带来了前所未有的体验。

首先，让我们从外观谈起。pure70Pro+的设计无疑是艺术与科技的完美结合。其流线型的机身，如同一件精致的雕塑作品，每一个细节都透露出设计师的匠心独运。无论是光滑的边缘处理，还是那恰到好处的色彩搭配，都让人一眼难忘。它不仅仅是一件工具，更是一件可以提升生活品质的艺术品。

性能方面，pure70Pro+同样不负众望。它搭载了最新的处理器和先进的存储技术，确保了设备运行的流畅性和高效性。无论是处理复杂的图形设计任务，还是享受高清视频播放，pure70Pro+都能够轻松应对。同时，它的电池续航能力也相当出色，能够满足用户长时间使用的需求。

在使用体验上，pure70Pro+同样表现出色。它的操作系统界面简洁直观，用户可以轻松上手。

总的来说，pure70Pro+是一款集美观与实用于一体的设备。它不仅满足了用户对于高性能的需求，同时也提供了极佳的使用体验。pure70Pro+无疑是我们追求高效生活和享受艺术之美的好伙伴。"
5,尺寸刚刚好，质量也非常好，店家的包装太用心了，值得推荐！买到了心仪的商品，性价比超高，质量上乘。物流迅速，商家服务周到，售后有保障。宝贝收到后很满意，外形颜色也很喜欢，挑选好多家，果然没看错，希望把好物分享给大家☺️本来还很担心东西不好，拿到手发现完全多虑了，五星好评质量非常好，客服态度非常非常赞，有问题及时给解决了款式很大方，质量非常好，价钱也很合理：
5,这次购物体验真的非常满意！但商品包装精美，品质上乘，绝对是物超所值！发货速度也很快，两天就收到了。客服态度友好，耐心解答问题。总体来说，这是一次非常愉快的购物经历，以后还会再来光顾的！ 这次购物体验真的非常满意！但商品包装精美，品质上乘，绝对是物超所值！发货速度也很快，两天就收到了。客服态度友好，耐心解答问题。总体来说，这是一次非常愉快的购物经历，以后还会再来光顾的！
5,手机使用非常不错，就是京东不怎么干好事，刚买就百亿补贴又便宜了点。已经用几天了，使用体验非常好，日常使用发热控制也不错
5,手机使用非常不错，就是京东不怎么干好事，刚买就百亿补贴又便宜了点。已经用几天了，使用体验非常好，日常使用发热控制也不错
5,"这款华为Pura 70 Pro+弦乐白简直是我的梦中情机！16+512GB超大内存组合让手机运行如丝般顺滑，多开应用也不卡顿。最惊艳的是超高速风驰闪拍功能，抓拍我家好动的萌宠都能清晰定格，夜景拍摄更是亮如白昼，XMAGE影像系统果然名不虚传。

双卫星通信功能太实用了，上周去山区徒步完全没信号，却能通过卫星发送定位和短信，安全感爆棚！鸿蒙OS4.0系统流畅度无敌，三天一充的续航让我彻底告别电量焦虑。弦乐白配色高级感拉满，素皮后盖手感温润还不留指纹。"
5,这款手机非常的好用，外形外观很喜欢，收到以后非常开心，音效很好，听歌效果很好，拍照效果很好，适合外出游玩的时候拍照，运行速度也很好，内存也很大
5,"外形外观：超级好看
屏幕音效：更好满意
拍照效果：特别绝太美了😚不失真实
运行速度：很快
待机时间：常
其他特色：满意"
5,外形外观：大气漂亮，越看越喜欢  屏幕音效：屏幕清晰度很高，自带屏幕膜还不错，手感很好。  音响效果还可以接受，  拍照效果：拍照效果很棒，闪拍功能很666  运行速度：运行内存16 很流畅，目前用着还不错。手机电池用过一段时间再加个追评
5,在京东购物真的是一次超棒的体验！下单后第二天就收到了商品，物流速度一如既往的快，快递小哥服务态度也很热情，包装严实无损，必须点赞！这次买的手机质量完全超出预期，实物和页面描述一模一样，细节做工精致，功能实用性强，性价比超高，完全物超所值。客服团队响应迅速，遇到问题时耐心解答，还贴心地提醒了使用注意事项，服务专业又暖心。京东自营的售后保障也让人安心，7天无理由退换+正品保证，购物完全没有后顾之忧。APP界面操作流畅，促销活动丰富，叠加优惠券后价格比实体店划算太多。整体来说，从选购到收货每个环节都充满惊喜，不愧是值得信赖的电商平台！以后会继续支持京东，也会推荐给身边的朋友们
5,"发货速度挺快的，商品包装保护的很棒，到货没有任何破损，好评！！
买的白色的，颜值很高，好看！手机是5050mah的电池，还是很耐用的。据说还有什么IP68级的防尘抗水功能，这个没敢放水里试。整体购物体验很好，好评！！"
5,质量很过关，品质优保障，相当不错的选择，好多朋友看我用都想买，我都推荐了。一次很好的购物体验，服务周到，物流快速，配送也很周到，态度也很好，物有所值啊，果断好评！
5,华为手机系统更新迅速，功能完善，用户体验良好。华为手机质量上乘，性能卓越，使用体验极佳。实体店非得说停产了，卖不好的型号还死贵死贵的，网上要啥有啥还便宜！
5,物流速度快，产品质量很好，客服态度好，产品功能强捍，运行空间大，速度快！摄像头拍照快捷方便，拍出效果清楚，并自带防抖功能！外观手感舒滑，美观大方！此款己是第二次购买，给五星好评！
5,为了能用NFC车钥匙功能，给LP替换了她的苹果，和她的平板、耳机总算凑了一小套华为，算是彻底告别苹果了。和她原来的苹果比，除了耗电稍快、稍大稍重外，LP没有其提出他槽点，用的这几周，经常会和我分享信号好、电话拦截功能好等等优势。和我用的M60P比，其实还要轻巧些。期待国产芯片的进一步提升。
5,"外形外观：外观时尚，手的握感很舒服
拍照效果：拍照效果强大
运行速度：运行流畅，开多少程序都不觉得会卡顿
待机时间长，100W的充电头，1个小时就满血复活了"
5,遥遥领先，遥遥领先广告词不过手机确实遥遥领先买着各方面用的都不错非常的丝滑然后京东快递也非常的速度颜值也可以现在京东和华为都向高端出发了，不错。
5,此用户未填写评价内容
5,不错 很好 颜值担当 外观好看
5,"一如既往的好品质，非常喜欢的一款产品，非常棒！o(*￣︶￣*)o
宝贝收到啦，实物真的好看，价格非常实惠，强烈推荐这款，超级喜欢"
5,"手感真好，
比mate70拿起来舒服
没用优惠
到手很快白色不显高大尚
荣耀转华为不错。mate不等了纯刷🐵
握持手感好希望坚持个两年吧，单位原因选华为还可以吧"
5,最近是最便宜的价格，且还可使用国补再优惠500；京东配送自出库开始次日即送达；机器顺滑度非常不错，蛮喜欢。
5,非常好用的手机。支持鸿蒙4.3系统支持升级到鸿蒙5.0。支持闪拍功能，闪拍对焦快拍照清晰。光线较弱的地方也会拍摄出没有晃动的照片。
5,不错不错，体验了一个多星期，打游戏还是刷~，还是切应用，都是非常流畅的，最喜欢的还是他的拍照效果，太出片了！
5,华为Pura 70 Pro+真的是太惊艳了！📸 这款手机不仅颜值爆表，而且性能超群。特别是这种几何图案的设计，真的很独特，握在手里非常有质感。拍照功能也非常强大，随手一拍就是大片级别的效果。强烈推荐给喜欢摄影的朋友们！✨
5,华为大牌品值得信赖，音质非常好，颜色好看，内存强大，用着效果非常满意，质感很好。发货神速，包装一切完好，非常满意。
5,华为pura70pro+这款手机一直关注着！看很多朋友用着都很不错才购买的！自己用着也很满意
5,不得不说，华为这款手机的拍照功能确实可以的，无论静物还是抓拍都很不错。手感很好，使用起来顺畅轻薄。
5,这款手机外观时尚，屏幕显示效果出色，操作流畅，反应迅速，京东物流速度快，售后服务有保障。华为这款手机相较于前代产品，反应速度更快，老婆非常喜欢，外观美观，非常满意。用四川话来说。非常不错 加油加油加油
5,"以旧换新：新的
外形外观：包装好的，没有磕碰划痕
拍照效果：比果汁好多了
运行速度：新机肯定快，后面不知道咋么样了
待机时间：很耐用，一般不用太充电，寝室游戏也不玩的
屏幕音效：好的。好的好的"
5,最最最好的了永远相信华为，华为真的是国产里面手机最棒的，手机特别快，而且内存不卡内存也特别大，是身边朋友推荐给我的这款手机拿在手里面真的质量质感特别特别的棒，非常喜欢也会推荐给身边朋友来购买的，华为永远的神，我爱华为
5,耳机已经收到了 使用效果非常不错 想买姐妹们可以考虑这款 真心推荐 特别是京东 姐姐
5,"- 质感出色：一体化铝金属机身搭配玻璃背板，线条流畅，质感高级。冰晶蓝等配色时尚美观，在阳光下光泽动人，且有星河银、晨曦金等四种配色可选，满足不同审美。
 
- 辨识度高：独特的三角形相机岛设计，搭配一"
5,"东西收到了，不错，非常棒
外形外观：这手机的质感外观都非常好，太喜欢了
屏幕音效：屏幕非常好，色彩鲜艳
运行速度：运行速度也可以非常流畅
其他特色：幸好也非常牛
待机时间：待机一天没问题"
5,我之前一直是买的苹果，就是这个手机本来没打算买但是阴差阳错买了华为我只能说真香，这像素真的绝了。真的，中国人不骗中国人，这款手机的像素真的绝了。而且这个手机也超高颜值。
5,网上评价都不一，其实自己用来就知道，手感很好，充电也快，我是主要玩游戏，实际上一天一冲，因为我玩游戏耗电快，但是充电也快，没有什么发烫很严重，都是正常的。其他运行也很快，挺不错的。
5,商品质量超出预期，与商家描述的一致，非常满意。尤其是喜欢其散搭码的设计，尺寸范围超出预期。物流速度很快，包装非常仔细，严实的包装确保了商品的安全。物流公司的服务态度也很好，整体购物体验令人满意。
5,商品的功能出色，完全符合我的高要求。配货速度快得让人惊讶，服务质量更是一流，无可比拟！商品质量超棒，完全超出了我的预期！价格实惠，性价比超高。发货很快，下单没多久就收到了，不错不错！
5,华为手机，国货之光。心仪这款手机很久了，不论从颜值上，还是性能上，都撑得上是上上之选。关注了好久，中午等到百亿补贴了，价格符合心里预期，果断下手了！拿到之后，果然没让人失望，好用！
5,"国货之光，手感绝佳
华为Pura70Pro+，弦乐白配色，16GB+512GB的超大内存组合，屏幕显示效果一流，亮度、色彩表现出色，拍照效果惊艳！张张出片，拍远景月亮、微距都超级棒！"
5,"1. **外观设计**：
   - &ldquo;手机外观非常漂亮，手感很好，轻薄时尚，拿在手里很有质感。&rdquo;
   - &ldquo;屏幕显示效果非常清晰，色彩鲜艳，视觉效果很棒。&rdquo;

2. **性能表现**：
   - &ldquo;运行速度非常快，玩游戏、看视频都很流畅，完全没有卡顿。&rdquo;
   - &ldquo;处理器性能强大，多任务切换毫无压力，日常使用非常顺畅。&rdquo;

3. **拍照效果**：
   - &ldquo;拍照效果超出预期，夜景模式特别棒，细节清晰，色彩还原度高。&rdquo;
   - &ldquo;前置摄像头自拍效果很好，美颜自然，拍出来的照片很有质感。"
5,外观好评，背壳三角形的纹理，看起来很高级，有种机械风。屏幕正面圆角的设计，摸起来很舒服。相机像素很高，拍照片很清晰，夜景也很漂亮。指纹识别也蛮好用的，目前没出现卡顿的情况。
5,超级喜欢啊，刚买就掉价开心死了，马上保价，现在涨价了，拍照很好很清晰，没有他们说的刷~卡顿情况，很满意，充电也很快，终于告别苹果这个烂信号了，再也不用带充电宝了！满意满意
5,商品质量超棒，完全超出了我的预期！价格实惠，性价比超高。发货很快，下单没多久就收到了，不错不错！宝贝收到了，很惊喜，质量非常好，很满意的一次购物。我会继续回购的，店家值得信赖
5,华为 Pura70 Pro+真的非常出色！摄像头强大，拍照效果超赞，外观设计也很时尚，手感不错。最重要的是系统运行流畅，整体使用体验非常满意。强烈推荐给需要换手机的朋友！
5,"必须夸夸这手机！外观精致,线条流畅，颜值出众。性能强
劲，无论游戏还是办公都游刃有余。拍照效果惊艳，随手-
拍就是大片，入手不亏，超满意!"
5,质量非常好，客服态度非常非常赞，有问题及时给解决了这次购物体验太棒了！商品质量一流，客服态度热情耐心，任何问题都能迅速得到解决，强烈推荐给大家！
5,HUAWEI Pura 70 Pro+ 弦乐白， 16GB+512GB ，超高速风驰闪拍， 双卫星通信 华为P70智能手机，做工好，信号稳定！华为出品，遥遥领先！
5,原来的华为P30手机用了5年多，一直蛮好的，舍不得换，过年期间看到公司好多员工嘟换手机了，心动了，所以也跟着换了只！是比原来的丝滑好多，华为手机用的放心省心！！
5,帅气！颜值性价比都绝！
5,真好看啊，本来想要买一台拍照#的手机，但考虑到我又要信号稳定，又想要外放音质不要太拉胯。然后这个价格，还是香的。
5,家人华为手机用了好几年了，这次京东自营店上优惠力度很大还有国家补贴政策，果断下单购买了该款手机，收货后检查外包装完好没有破损，京东送货速度非常快，值得点赞。
5,很好很好很好很好很好很好很好很好很好很好很好很好很好很好很好很好很好很好很好很好很好很好很好很好很好很好很好很好很好很好很好很好很好很好很好很好很好很好很好很好很好很好很好很好很好很好很好很好很好很好很好很好很好很好很好很好很好很好很好很好很好很好很好很好很好很好很好
5,华为P70 Pro我现在正在使用这款手机拍摄照片，大家看看这款照片是否清晰？我觉得没有达到我预期的效果，可能是因为我的产品与其他产品有所不同。
5,很不错的手机 一直在用华为 系统优化一直很强 P系列一直拍照都很出色 清晰 智能 不需要专业的东西也能拍出很好看的照片👍🏻👍🏻👍🏻👍🏻
5,为了和男朋友用上一样的手机果断换了，之前一直用🍎还怕自己会不习惯，其实真的很好用啊。感觉习惯了之后真的很爽&hellip;
5,早就想买了，正好赶上京东搞活动，立马入手了，第二天就到货了，果然还得是京东快递仓速度快，东西很好，快递速度很快，喜欢就赶紧下手吧
5,非常不错的手机，而且性价比极高，不换拿来看电影还是玩游戏，都效果很好，运行速度也非常得快，音质也很好。很喜欢的。。。。。
5,好！非常好！质量好，和实体店一样，颜色正，是我喜欢的，包装很好，颜值不错，质量也没有问题相信京东，足不出户购物，次日达，购物体验好
5,高颜值，高品质，非常好，一分钱一分货，材质外观和质量一看就很上档次，非常喜欢买到了物美价廉的好物，质量出色。物流迅速，商家服务周到，售后放心。
5,非常不错的手机，而且性价比极高，不换拿来看电影还是玩游戏，都效果很好，运行速度也非常得快，音质也很好。很喜欢的。。。。。
5,不错 不错 快递小哥很给力 必须大赞一个👍 👍 必须大赞一个👍👍 但是包装过于简陋 运送中很容易引起磕碰挤压破损 至于商品性能 等用过后再来追评
5,手机已经收到了 整个使用效果挺好
5,买HUAWEI Pura 70 Pro+ 弦乐白 全网通 卫星移动终端，昨天2025.4.1下单，今中午收到，包裹件外包装盒和机子塑封盒包装完好。京东自营质量顶呱呱！包裹件运输和快递小哥送件神速，赞！👍五星好评！👍👏💐😊
5,商品符合描述，主要是活动便宜，能省很多钱质量很好哦，发货也很快，一家非常喜欢的店铺，我要疯狂推荐给朋友们
5,pro+的最大亮点就是贝壳的这个纹理特色，拿在手上的手感真的非常好，16+512的存储量打游戏喝日常使用也是毫无压力
5,给妈妈买的，妈妈很喜欢，说超级漂亮。实物很赞妈妈一直用华为的，手机很耐用，一款手机可以用好多年。速度一直很快。手感很好大小合适。
5,很好很棒很不错物超所值特别喜欢下次还会再来光顾的很好很喜欢特别棒，😁😁😁😁😁😁😁😁😁😁😁😁
5,"拍照功能遥遥领先。
问：一座桥承重80kg，有一头牛100kg，要如何过桥？答：买一部华为手机过桥，因为华为手机就是牛！"
5,华为mate70pro+非常不错，很流畅，价格很合适，京东购买的快递非常的快，用起来非常的不错，以后还会来购买的
5,物流很快，👍产品很快就收到了，比想象中还好，不错不错！希望能耐用
5,整体来说手机使用起来很方便，价格也很划算，性能流畅，价格实惠，是旗舰店购买的也比较放心有保障。
5,昨天下单的今天就到了 京东自营速度真快啊 这款现在性价比太高了 入手的好时机 以前还溢价 根本买不到
5,不卡，真的不卡！拍照很好看，清晰度高！！！白色小清新！手感很好！！电池也可以！！国补够优惠
5,华为p70pro+非常好看，价格合适，京东购入的有保障，快递非常快外观非常好看，以后还会来购买的
5,华为P70 Pro+亮点突出，影像、性能、续航等表现都很优秀，虽有小瑕疵，但不影响它成为一款值得入手的旗舰手机 。
5,物流非常快，隔天就到！包装不好，没破损。外观很漂亮，手感不错，系统流程无卡顿，家人很喜欢！！
5,像素不错，客服态度很好像素很高，但是运行速度很快，比我想象中的要好很多
5,新年用新机，京东活动补贴力度大，到手价格很香，配送速度很快，包装完好，正品保障！放心购买！
5,这款手机太棒啦!外观时尚，性能强劲，拍照清晰，运行流畅，用起来超顺手，爱了!不错不错哦
5,手机外观时尚，充电头给力，我非常喜爱，且还有12期免息分期，非常棒。
5,宝贝收到咯👌🏻，真的很棒呀！🌈质量真是没话说，非常满意！🆗开心开心😃。
5,这手机用着可太棒啦！拍照效果杠杠的，不管是风景还是人物，拍出来都特别清晰好看，色彩也特别真实。运行速度超快，一点都不卡顿，不管是玩游戏还是多任务处理，都轻松应对。屏幕显示效果也超赞，看着特别舒服。而且续航能力也不错，能用挺长时间，一天下来基本不用愁没电，用着特别顺手，我可太满意了。
5,手感非常好，很丝滑，颜色好看，拍照非常好看，不愧是华为，支持国产！
5,可以的 华为大品牌 物超所值 体验刚满分 推荐给大家 不会失望的
5,发货很及时，价格便宜满意满意满意满意满意满意满意满意满意满意满意满意满意满意满意满意满意
5,充电发热，拍照效果不错。轻薄手感很好。
5,是理想中的产品，质量不错，物流也很快，值得点赞
5,手机不错，快递很快，快买
5,非常满意😘，材质做工非常好，而且百搭，手感也很棒，非常nice，实用性非常强，赞👍不得不说，这商品太值了，物美价廉，质量出色。物流快，商家服务周到，售后有保障。
5,"真的好看，我家小孩都喜欢
值得购买，就是有点贵"
5,这款手机真的很不错！🎈物流也很快，包装完好无损，服务很贴心。使用后感觉效果很好，质量杠杠的，满足了我的所有期待😊！会继续关注这个品牌的商品！🌟
5,首次购买华为P系列手机，性能杠杠的
5,手机很好，非常喜欢，性价比很高
5,手机是原装全新的。用的很好用。服务好，速度快。
5,包装完好，等用一段时间后再追评
5,用了一周多一点时间了，感觉手感很好，当时实在抢不到mate 70 PRO+，等不及了，看到pura系列降价，对比了一下觉得这款最好就买了，挺好用的。
5,时尚大气，美观，系统流畅，品质一如既往的好。
5,性价比高值得推荐，性价比高值得推荐，性价比高值得推荐，性价比高值得推荐，性价比高值得推荐，性价比高值得推荐，性价比高值得推荐，性价比高值得推荐，
5,这部手机3.8刚下单还没过7天掉了两次价格差价5.6百，京东保价补了2百，手机到是挺好，就是这价格不稳定
5,外形外观：好屏幕音效：好拍照效果：好运行速度：好待机时间：块其他特色：贼#的手机以旧换新：还行还行还行还行
5,非常流畅，有质感
5,手机收到了，实物比图片更漂亮。卖家很负责，详细介绍了手机的各种功能和使用方法。发货速度快，物流也很给力。非常满意！
5,外观和质量都很满意，物流速度快，商家服务专业，性价比高，推荐购买。
5,"华为Pura 70 Pro+外观设计简约大气，边缘圆润，手感舒适,手机的摄像头质量极高，拍照效果清晰自然,系统运行流畅,就是京东刚买就降价了，果断退了上一个重新下单，这次还送了一个流量卡，不错。还有就是华为现在不显示几G信号了，挺不适应的。"
5,机器手感很好，屏幕也比较大，看着很舒服，拍照效果也很好，白色的外观大气简单耐看
5,宝贝，早就到了，用了些时间感觉，真心的不错，比之前的手机快了好多，还有外观，我感觉好时尚，今天下的单，第二天就到了，速度也快
5,物流很快，物品完好无损，做工不错，2月买的，机子是去年12月的，总体不错。
5,质量非常好，与卖家描述的完全一致，真的很喜欢，完全超出期望值。发货速度极快，包装仔细又严实。京东物流服务佳、运送快。客服态度超棒，有问必答。这是一次超满意的购物，会再次光顾，也会推荐给朋友
5,很喜欢pro的外观，选择她我纠结了很久，最后挑来挑去还是选了我最中意的
5,手感很好，外观设计感很强！白色的很喜欢，用起来运行流畅，性能杠杠的！！！
5,这次购物体验完美！商品性价比高，质量出色。物流高效，商家服务贴心，售后让人安心。
5,物流很快，手机颜值俱佳，运行很流畅，拍照效果也很好！
5,华为拍照手机天花板，超级高清的摄像头和图片处理器，为国货点赞
5,挺不错的，外观好看，感觉这大小对女生来说非常合适
5,手机很不错，很好用，价格也不贵，值得购买。手机很不错
5,"宝贝收到了，卖家发货很快，物流也非常给力,客服服务态度极好，很有耐心、给人一种亲切感，好喜欢。还有包装精美，高端大气上档次；看得出来商家很用心。 可以可以可以可以"
5,这款手机使用非常的丝滑不卡顿。
5,整体不错的，很高大上的感觉，用起来应该很棒的，非常喜欢
5,东西不错，还有优惠，可以放心省钱购买，不要犹豫了这个价格能买到这种质量的产品，简直是捡到宝了，惊喜万分！商品物超所值，质量没毛病。物流迅速，商家服务热情，售后服务周到。
5,华为手机挺好的，性能好，流畅，满意！
5,外形外观：入手一段时间了，体验感很棒 拍照很出色
5,运行流畅，待机时间长，拍照清晰，很是喜欢
5,外观设计风格非常独特，好看发货速度也很快
5,婆婆婆OPPO婆婆婆婆婆婆婆婆
5,一般，前置摄像头很糊，~视频糊，自拍糊，镜子也糊，后置还不错，屏幕是冷色，偶尔打开APP#机，其实就是p60pro，感觉都不如p60pro，就多了个麒麟芯片
5,不用苹果了，支持国货
5,新手机真好用，原来很早用的是p30，现在也算传承下来了。
5,商品质量好价格也划算
5,入手有段时间了，必须来夸夸。外观颜色很特别，拿在手上辨识度超高。拍照效果特别好，拍风景细节满满，晚上拍夜景也很清晰。处理器很给力，日常使用一点不卡顿，我真的越用越喜欢 。
5,买了白色，经典色值得购买，就是有点小贵
5,非常好用，不愧是华为
5,好好好好好好好好好好好好好好
5,这款手机非常好！拍照效果非常不错！
5,很好，喜欢，华为的产品没得说，我的上一款华为手机用了7年，还很好用，中间换了一次电池，现在想换一款拍照更好的手机，毫不犹豫的再选华为
5,外形外观：很漂亮、送媳妇！很喜欢！
5,非常好非常好非常好
5,给妈咪买的 她还蛮喜欢的 不错不错
5,第一次买这么贵的手机，很好用的
5,好用好好好啊好喝好好
5,质量很好，使用起来感觉非常好。
5,一直等活动，等不来，颜值在线
5,此用户未及时填写评价内容，系统默认评价！
5,还不错，国产越来越好了
5,同事推荐的，我们是听障人士，买之前试了下声音大小，音量很大，还有拍视频防抖，这点很好，唯一不足的就是手机自带屏幕保护膜不好，才用几天就花了
5,手机很好，拍照很好看
5,买来送人，收到后很喜欢
5,好用推荐给你感谢卖家
5,"送给弟弟的，外观非常好看，弟弟也喜欢，搞得我也想换一个。支持国货。非常满意，喜欢。
屏幕音效：声音特别大。
拍照效果：自动美颜效果。"
5,作为一个极其挑剔的购物者，这次真的被惊艳到了。商品的功能很实用，配货速度奇快。服务质量更是卓越非凡，热情周到，让人折服！
5,非常不错，下次还会再来的
5,此用户未填写评价内容
5,本次电商购物安全下车。首先商家的服务态度无可指摘，包装精美别致，让人喜欢。商品功能和宣传一致，绝对的物超所值！
5,不太爱评价，但这个是真的棒！质量很好，做工细致，包裹很严实，快递服务态度好，绝对好评！
5,手机不错，电池续航也可以，服务态度很好！总之一句话，支持国货。充电快，手机也不卡，好评
5,到货快，包装完好，使用了一段时间，非常好用，非常满意下次还会继续购买该产品。
5,"遥遥领先，华为手机
外形外观：设计新颖
屏幕音效：质量好
拍照效果：高清"
5,"外形外观：好看
拍照效果：清楚
待机时间：长
运行速度：快
屏幕音效：好"
5,商品质量无可挑剔，价格亲民，真是物超所值。物流顺畅，商家服务贴心，售后有保障，太棒了！
5,发的京东物流！中通快递（京东快递号)提示已放自提点!物流信息提示物业已签收！这是什么鬼操作！
5,🛒发货速度非常快！服务也非常热情，有问必答，质量非常好，与卖家描述的完全一致，非常满意！
5,物流很快，第一天购买，第二天就到家了。外观非常美观，使用起来虽然不如苹果顺畅。
5,"果粉转华为了，相信华为的质量。逐渐熟悉鸿蒙系统中。
京东的速度没得说！"
5,"手机收到了外观漂亮运行流畅照相效果很好，
屏幕音效：屏幕分辨率很高
音质效果非常好"
5,强烈推荐！商品物超所值，质量可靠。物流快，商家服务热情，售后服务完善。
5,宝贝收到了，很惊喜，质量非常好，很满意的一次购物。我会继续回购的，店家值得信赖
5,全家都是用的华为系统，值得信赖的牌子，拍照效果好，外形好看，尺寸合适
5,商品物超所值，质量没毛病。物流迅速，商家服务热情，售后服务周到。
5,商品收到咯，特别喜欢，一收到就迫不及待地打开了，家人也很满意，这次购物体验不错
5,"外形外观：精美
屏幕音效：声音唯美

拍照效果：拍照清晰
运行速度：上网速度快"
5,"使用一段时间啦，很好
外形外观：外形又好看
屏幕音效：屏幕丝滑，音效好"
5,"拍照很好，
外形外观：很有个性，
待机时间：续航时间久用一天没问题"
5,宝贝收到，一如既往的好，包装很到位，质量还不错，很喜欢，大品牌值得信赖
5,非常满意的一次购物，产品外观和质量都很棒，物流速度快，商家服务专业。
5,给家人买的，颜色很好看性能对长辈来说完全够，手感也很好，不错不错
5,"运行速度：快，
外形外观：喜欢，
其他特色：期待鸿蒙，支持鸿蒙"
5,购物体验很棒，商品物美价廉，质量优秀。物流迅速，商家服务贴心，售后无忧。
5,质量口碑好，值得购买，值得推荐，值得信赖，值得拥有
5,商品物美价廉，质量让人惊喜。物流很棒，商家服务贴心，售后处理也让人满意。
5,非常不错，这个时间段价格也划算，自己升级了纯血鸿蒙，好用，主要是心里踏实
5,质量不错，相机非常好，老婆很喜欢。。。。
5,好不容易才抢到了比较优惠的价格，这是买来送朋友的，她非常非常的喜欢
5,手机性能相当棒 最信赖的就是京东了 京东上买的东西放心 华为手机 遥遥领先！太好了
5,物流很快，早上买下午就收到了，包装完好
5,值得信赖的品牌！p系列拍照效果确实不错，已经准备期待演唱会了
5,"买完就国补了。。。
不过手机是真不错，拍照无敌"
5,非常好，拍照图片太清晰了，这个非常赞
5,从苹果换成了华为，还在适应中，整体感觉不错。
5,一代神机，遥遥领先，手感确实不错，给长辈买的，很满意很给力
5,发热比较严重。其他还可以，第一次买这个牌子，先用用看吧。
5,特别特别特别好，没有任何破损的地方，外观也好看，好评！
5,给老婆买的，她一直都很喜欢华为。希望鸿蒙和华为越来越好💪
5,这款产品质量超乎想象，卖家服务态度非常好，发货速度快，非常满意！
5,华为永远值得信赖，多次购买从未失望
5,好 很好，就是有点发热 系统流畅
5,价格实惠，质量杠杠的，非常好的一次购物，下次还来
5,华为手机性能很好，颜值很高，拍照好看
5,大小合适，设计有特点，苹果用久了，换华为试试看
5,拍照很可以，电池很耐用，很好用的手机。
5,还可以~用起来**惯的~就是拍照还是差了点~
5,华为大品牌值得信赖国产手机首选机型
5,出乎意料的好，商家细心讲解，优惠多多
5,就是价格浮动过大，七天降了500
5,京东客服服务很好👍有任何问题及时给解决了
5,手机自带保护外壳，为啥下方还推荐购买
5,好，真的好用，国货之光啊
5,用起来很不错，适应中。
5,手机使用一段时间体验非常好。。
5,华为很不错，拍照很好。
5,华为出品必属精品，买不到mate70pro+，所以买了这个，还不错
5,用着特别流畅，发货很快，手机颜值很高
5,一直没有来评价，这个手感贼好，这个感觉比60好太多了吧
5,手机首先颜值在线，功能很厉害，价格又有优惠，简直就是梦中情机。
5,外观很好，直板机，使用无卡顿，卫星机。
5,发货很快，包装细致，正品
5,手感好，待机时间长，照相清晰，音频效果好。
5,有国补真好，给力！
5,网络切换不好，触摸屏不好用，目前就这些
5,国补买的，华为很不错
5,购买2天，降价300元，京东平台不给保价
5,手机非常不错，很好用，很喜欢
5,OK看看可口可乐了了可口可乐咯考虑
5,东西不错，价格也比较合理。
5,很好，一直买的都是华为的，很不错。
5,手机收到了，试了一下感觉还不错点赞👍👍
5,"外形外观：很好看
运行速度：速度速度快
待机时间：很久"
5,"外形外观：漂亮
屏幕音效：很清晰"
5,挺好的，正好有优惠买个当备用机器
5,手机很好，配置很给力，颜值也在线
5,很快很方便，手机也有保证
5,很好看，老婆很喜欢，这样就可以了
5,非常好用的一款手机  值得推荐大家入手
5,很好很不错 知得推荐的一件
5,发货很快质量很好一直支持
5,手机很漂亮，使用效果过几天再评价，其它服务好。
5,喜欢很久了终于入手了，感觉非常不错，很满意，
5,发货快，价格实惠。不错
5,可以还是不错的可以。
5,东西真的很不错的，用起来顺滑，值得购买的
5,入手很好，和介绍一样，物流很快
5,此用户未填写评价内容
5,外观好看，手感圆润细腻，系统很流畅，
5,降价太快   说的保价  又说过不支持
5,拍照不错，支持华为，
5,非常好，不错 牛哥说的  很湿滑
5,物流很快 手感也不错
5,用着不错，手感很好，像素也很棒
5,用了一段时间，怎么有时候会卡，
5,爱华为就行了
5,非常666666
5,手机原装，特别好
4,经常在京东上买东西，物流方面真不错
5,好用，手感不错
4,宝贝收到了，很惊喜，质量非常好，很满意的一次购物。我会继续回购的，店家值得信赖
5,用起来挺好的
4,很好，物流很快，东西很给力，性价比很高！正品，棒棒哒，价格很优惠，总而言之挺好的，还会再买非常喜欢
5,很漂亮，好看
5,挺好的，喜欢
5,用起来还不错
4,还没习惯用的很多功能，以后慢慢磨合吧
4,这个手机还行，挺不错的，就是续航短点
5,手感很好
5,有点发热
5,手机不错
5,很不错。
5,非常不错
5,手机很好
5,特别好
5,非常好
5,速度快
5,流畅
5,靓货
5,可以
5,好用
5,快
3,拍视屏像素很差，拍照还行，这个手机真是容易发烫，mate30pro换的这个手机，体验感不是很好，手机导航感觉更新比较慢，有点卡🙃用了4年多的mate30pro都没这个情况，有点小失望！
3,出现闪屏
3,"外形外观：外观很漂亮，选了炫乐白，喜欢的一款
拍照效果：拍照效果没得说，非常棒。清晰度特别高。色彩明快有层次。
运行速度：没有对比，说不清楚。

待机时间：怀疑我的手机有问题，特别容易发烫，太阳下用不到一分钟就很烫了，有的小程序用不了多少时间就发烫，待机时间远远低于预期，就算充满电也用不了一天。"
3,"上次用华为还是华为mate9, 后面被制裁后就转向了荣耀magic系列，现在华为回归了，又转回来。这手机比我之前使用的荣耀magic6pro手感好多了，现在手机用多了还是觉得直屏好。遗憾的是p系列没有3D人脸解锁，都7、8000的手机壳，我觉得可以配一个。处理器的话，性能确实赶不上骁龙，综合性能差不多落后骁龙8gen3两代，不过我不打游戏，所以无所谓，不过让我担忧的是续航和发热。夏天快到了，这手机在使用时发热还是存在的，特别是在充电和更新下载应用时，续航也一般，我有续航焦虑，所以比较担忧这个。拍照的话，属于一般水平吧，没有p40那代技压群雄的实力了。综合下来感觉是及格水平吧，希望华为再接再厉，做出更好的手机"
3,这个华为手机刚开始表现不错，但升级后鸿蒙系统让我难以评价。我玩和平精英时，它不给我正常游戏，反而给我下了一个体验服。虽然我能体验到别人没有的服务，但最近让我苦恼的是，~和和平精英不断更新，导致账号始终无法登录。因此，建议大家理性思考后再购买这款华为手机。
3,刚刚收到货，还没开始拆包装，就发现外包装盒有明显的擦痕。
3,"这个真的太🉑了，🎁包装很精美，宝贝做工比较精细，商家特别好❤，有问题都及时处理👍，确实是一次相当满意的网购，还会再来的😘发货很快，已经收到货了，商品和描述的差不多，质量没问题，关键价格也合适，在这里买还是很放心的，好评！
感觉拍照也就那样，价格贵了，名不副实"
3,用了好几部苹果，唯一一次买国产机，还是顶端机，像素差，刷视频卡。还需努力，赶不上别人啊。
2,"这次整体购物体验不太好，11.1下单，选的是以旧换新。新机是成都发的，选的两次上门，回收旧手机的师傅4号就到了，新机6号才收到。有点好奇，这个价位手机也不算便宜，是货运到拉萨，而不是空运，路途上需要耽误这么久的时间。
回收的平台是爱回收，咨询客服，回答也不是很专业，我把单号发给他，先是答复过了保价期，后面质疑他保价期不是11.1-11.11日么，才回复说可以邮寄到他们那儿。问邮寄地址，等了半天还没回复。我直接打问号才慢悠悠的回复了邮寄地址，在成都。好奇网上搜了一下，拉萨不是有爱回收么，不懂为什么要寄成都。。离我住的小区也就几公里"
2,手机性能没什么问题，但是外观上包装被压坏了，不知道什么原因，找客服客服说过了七天也不让换，自认倒霉吧，因为出差没有第一时间拆封查看，不然就退了！
2,先说问题：手机发热非常严重，正常聊~刷刷知乎虎扑都会非常热，网上也看了很多技巧，都照做了还是发热严重，更离谱的是充电的时候聊~刷知乎反而不热，不知道是系统问题还是芯片问题。另外就是扬声器和手机听筒有一种难受的杂音，接打电话的时候特别明显，但是去售后检测了说没问题，由他去吧。好的方面：屏幕素质很不错，比mate60pro屏幕跟太多，握持感很好，拍照有升级。综合：信仰溢价大概有3000吧，整体使用下来一般一般，其他平台降了大概1500左右吧，图京东售后省事买的，但现在京东售后一团糟，如果想体验鸿蒙，哪里便宜哪里买。
3,1.~/QQ在深色模式下花屏2.播放视频时旋~机机身后播放音量差异明显3.价格跳动并不在7天价保内到手5天就降价2004.人工客服机械式解决问题线下售后检测无实质作用
3,外观挺好看，手感也行，就是有点重。说实话电量一般般，手机也容易发热。信号是比苹果强，但是拍照能力却不太行。总体来说这个手机给我感觉就一般般
3,"这款手机极易发烫,拍几张照片手机烫得拿不住。

看几篇文章，手机都有可能发烫。以8000元的价格买这样的手机，我认为性价比不高。
我的上一款手机是p50，整体评价也是性价比不高。那款手机的问题是经常容易黑屏，时常出现卡顿现象。



如果上天再给我一次选择的机会，我会选择其他的国产手机品牌。"
3,贵就算了，还烂，鸟样
3,京东物流物流一直很快，商家服务都很好，只是商品本身有很多诟病，使用了几天，每天都是在拍摄大量的照片，以拍照为主打的旗舰手机，拍照一言难尽，一倍焦拍摄几十米以外的矩形物体，90%都有物体变形的现象，很闹心！电池和发热的问题还好，没有网上说的那么夸张
3,手机真的一般吧，咋咋呼呼这么厉害其实很一般。再就是看爱国情怀把价格定那么高不是长久之计！，手机真的一般吧，咋咋呼呼这么厉害其实很一般。再就是看爱国情怀把价格定那么高不是长久之计！手机真的一般吧，咋咋呼呼这么厉害其实很一般。再就是看爱国情怀把价格定那么高不是长久之计！
3,"真心不如我的mate30pro,电池不耐用，没想象中的完美，当时买回来就想退了呢，客户也是为了照顾我说给我送个礼品，我说能不能送个蓝牙耳机，因为手机不带耳机，最后送我一个自拍杆，唉，但是我的手机是以旧换新，退的话很不划算，凑合用吧。"
3,大小合适，做工精良，出口品质，最满意的一次淘货，很喜欢，下次会再来！
3,贴个膜还是被刮花的，无语😑😑还有一点，手机声音开一半会觉得屏幕特别震动，
3,怎么说呢，一直购买华为产品是有支持国产的情结在的，将来不出意外的话也会继续。但是确实使用就会发热，屏幕发烫，续航力差强人意，而且很重，对我有腱鞘炎的人来说不太友好，希望华为继续优化自己的产品，遥遥领先不是靠说的。
2,手机是好手机  就是有瑕疵，有缝隙 ，不超过 0.2 毫米不算问题机   ，有点后悔从苹果转为华为了
2,建议把手机顶部显示栏合并在一起，为什么要分开来？你知道这个设计有多退化吗，每次都要多点一下，关键是玩游戏的时候，都要多划几下
3,"外观看起来比较高级，系统流畅，外放音质比较差，耗电比较快，基本要一天一充，有些软件适配没弄好，有bag,有点容易发热，价格偏贵 ，还有饥饿营销&hellip;"
2,"当天10点20左右抢到的，下午三点半就收到了，快递这方面没的说，生怕我退货
还行吧，刚开始想买紫色Pro版本的，实在是抢了三天抢不到，只能换Pro+，买了这Pro+早知道加多一千买伸缩摄像头的了😓😓  气人的饥渴营销，好好的卖手机不好吗？非得要抢"
3,包装差，换货一次
2,手机收到了    但是，感觉自己收到的是二手手机  手机总容量和实际能用的容量不一样      有些软件都是下载好的                  问了客服     也没给我专业的解释        我还是怀疑
3,此用户未填写评价内容
3,发烫很严重，比小米还烫🤗续航一天两充，会卡卡的，打~电话有时候点不回页面，半个月降价一千，很夸张😅前置摄像头很糊有点黄，后置还可以
3,这个手机到底免息不免息写的免息后面还要扣300多的服务费，问客服就给我发点这个，你们的都免息不
3,标准版@精尊保护套装有什么区别 价差咋差这么多 不解
3,这款手机值得拥有，体验感不错
3,昆仑玻璃也得贴膜 一天没贴膜全是划痕
3,6.18买的，7.18降价800，真牛鼻。卡着价保的时间降，无语了
3,有点后悔买了，发热太严重了，烫手😓😓😓，没想象中那么好，哎
2,商品收到发现掉漆，虽说客服说可以换，但换机流程也要3-7天，本来都是想尽快拿到手机使用，结果闹这出，太影响感知了。
2,一个月内出现两次售后，还有这个像素，是不允许给好评的。
3,我觉得使用下来，电池不太耐用，挺耗电的。
3,手机看着还行，就是价格有点高。
2,不建议需要夜间相机的买。灯光好的情况下拍得挺好。晚上很模糊。微距我也觉得不好用。刷~有点卡，好像带不动了一样。
3,~发图片要几分钟拉几
2,华为前置调教得极差，没有光的地方非常糊，比我的苹果xr还糊，8000块钱的手机调教成这样非常不应该，通过算法出来的成像失了本来的面目，就拍照而严，在光线不足的情况下，不管是前置还是后置都极其不尽如人意，作为一个华为粉，非常失望
2,"后悔，因为手机坏了着急，就买了这个。早知道还是多加点钱买 Pura 70 Ultra，找客服加钱也不能换了。可惜。还是伸缩摄像头比较酷。
这个就很一般。感觉没什么特别，还那么贵。"
2,刚拿到手机两天  拍照效果确实可以    但是充电的时候会发烫不知道其他的有没有这种体验   续航能力也没有想象的那么好，还有就是互动主题中的趣味场景动不了。准备在观察一天看看   如果还是这样的话  就考虑退换货了。
2,根本就装进不进
3,此用户未填写评价内容
2,充电发热，电池续航一般
2,刚买七天就降价了，隔了两天申请保价就不行了，手机也一般，没必要非得买华为，确实没啥性价比。
3,这包装 &hellip;我以后还敢在你这买吗？
2,"手机发热很厉害，电池消耗很快。
拍照色彩很差，不真实。
很后悔买了。"
2,辣鸡，有问题不够退货
2,不值这个价，拍照一般，刷视频非常模糊，支持国产，但是得对得起人民群众，这个价格太贵
2,30天价保一完，到手不到2个月，降价800。甚至某夕夕百亿补贴相当于降价1800
2,超级发烫，掉电厉害，8000块买了个啥工业垃圾。
2,手机看着还可以  就是还没到一个月就降价了  亏了
2,用到现在才发现有贴膜，是不是二手的？？？
3,听筒有杂质
2,手机容易发烫
1,拍照不放大倍数就正常，一放大倍数就有异响，到货的时候只试了拍照，没有试放大，几天前才发现，看了一下已经过了保修期了。我看~才知道，原来很多机子都出现了这个问题。。。。。大家收到货试一下吧！谨慎下单！！！
1,此用户未及时填写评价内容
1,此用户未及时填写评价内容
1,产品质量超级差，双十一买用到现在20天就卡了好几次，售后不给处理，不给换货
1,#果然名不虚传，你告诉我这个不是别人换货的机器
1,真是太让我失望了，从19年开始在京东上买手机，到现在刚买几天的一个华为pura 70pro ➕，买的华为后置摄像头发过来就有灰，开机三天发现的，让我拿去华为售后服务检测，我当时就去了，一开始实体店售后说可以更换新机，后面手机放哪里等了两天，说不到更换的条件！那个灰说不影响使用，我又从店里拿回来，灰正好在主摄，谁知道会不会以后使用的时候会跑在哪里去了影响使用怎么办？看来华为的品控也不咋地，华为厂里的质检员也不负责质检，外观这么明显的也能放出来销售，如果不是手机不对焦拍不清楚，我高低得把图片发出来，我这个评论也不是恶意评价，平均两年买一个手机，还买了两个送人，这个手机12.12号激活，到现在12.16号，使用了一两天就放在手机店里检测，到最后说，没办法处理，也不可能拆机，我准备退掉的，但是我确实要用，退换需要很久，既然他说不影响使用那我就用着，但是谁愿意花几千块钱买个新机有瑕疵的？以后再也不会在京东上买手机了，从此粉转黑！plus会员也不会再开了
1,"本人在3月25日通过京东在华为京东自营官方旗舰店购买华为pura 70 pro + ，在使用过程中经常出现电话通话/语音通话中断几秒听不到任何声音的故障，刚开始以为网络问题，但持续性出现这个问题，便向店铺客服反馈，均未得到处理。周三客服回复一些操作，在拆手机壳的过程中，本人不慎将手机右下方刮了（不要求处理），但按照客服提供的操作故障仍未处理。便向客服再次寻求帮助，客服回复这个问题是由于系统和软件不兼容导致，同时本人也告知了拆手机壳过程中出现刮花现象，说没有问题。
4月4日收到京东客服反馈，由于手机刮花不能免费做任何维修？？？
这也不是本人第一次在这家店购买同款手机，2024年购买的同款手机无故障，就3月25日购买的这台有问题。
本人要求很简单: 系统故障问题，京东必须给予免费处理，外壳由于个人失误可不做处理。希望平台介入协助处理～感谢🙏"
1,好一个遥遥领先，好一个华为，我从十二月买的手机，当天收货没有检查好，开机用了一下，体验感不好，在当天的凌晨两点多，申请退货退款，第二天快递员上门取货检查一下没问题就收走了，然后过了两三天，在他们售后检测结果出来，就给我打电话说手机有刮花，不能退给我原反，我吃饱没事去刮花手机干嘛，快递小哥检查没问题就收走了，到你们这就跟我说手机刮花不能退，找平台，平台升级专员，专员打电话给我说，要查物流监控，物流监控还没弄好，直接就给我点击货物原反，平台介入踢皮球，店铺客服就是机器人，希望各位买他们家的手机，记得拍照🎥，保留证据，不然他们是不给退货的，而且态度真#强硬，一句手机没问题，就是你刮花了，不能退！！！遥遥领先，破手机。手机在运输和检测时间一共三天，他们收到货的时间是当天晚上，第二天十点检测员就开始检测，一直到下午两点多打电话给我，说刮花的事，我当时肺都气炸了。他检测一个手机需要那么长时间吗？最后奉劝各位，买手机要记得拍照留证据。
1,劝各位在京东买华为的手机慎重考虑，华为手机的品控极差，到手不到十天，出现后盖和中框开缝脱胶的情况，第一时间申请售后进行换货，手机使用的很小心，全程套全包软壳使用，房东取走之前特意拍视频留证据，我到了京东售后那里，手机就变成了有轻微损伤，以有划痕为理由拒绝换货，已经维权十天，目前毫无结果，农方面逃避手机质量问题，拒绝售后强词夺理，态度极差，这还出现了在拒收包裹后，快递站点私自拆开包裹，拿出手机查看的情况，去各大平台搜索类似的情况特别多，只要是出问题的手机在京东购买的。退换你想都不要想，到售后那里手机必有伤痕必有划痕，售后是真恶心啊，故意损坏手机来拒保，我有的是时间，我这次一定要和京东死磕到底。那到最后是起诉我都要跟京东死磕到底，我豁出去了，花着新机的价格买到了一个瑕疵机。可恨的就是，本来没有任何划痕，到售后那里就变成了有划痕，而且客服也亲口承认了，通过我的证据表明看不出有任何伤痕。但又说啊我们是拿强光手电照射的，肉眼看不见伤痕，需要在强光手电下照射，看到了0.1mm的伤痕。问了大家都是以这样同样的理由拒绝的。有的甚至连划痕的位置都一样。这京东谁买谁被坑
1,用过挺多手机了，OPPO、VIVO、小米、苹果还是华为都用过，这个手机是我目前用的体验最差劲的，没有之一，我不知道别人用的体验感如何，在我这里体验感真的处处踩雷，我就用了十多天，就一堆的问题，我给大家总结总结，没有买的可以做一个参考。问题如下：1.刷~时突然卡屏，而且是特别卡，需要大退关了后台再进入，这个问题绝对不是偶然，到现在为止刷~时间长了依旧会卡。但是退后台重启都会回复，不刷~或者不介意的可以无视。2.我是喜欢玩手游的，这个手机玩手游时居然会失声，就是玩着玩着队友突然听不到你说话声音了，或者队友听着有杂音，吃鸡、王者、三角洲都一。样，这个真的头大。3.~视频不能保证每次都能出现在别的软件上方，而且~视频过程中，如果遇到你打开的别的软件有声源的话，~视频或语音也会失声！！！这个也是非常头大的，这个我真的想摔手机。4.对于新手机来说这个手机续航我觉得也不是很理想。不过充电确实快。我之前本来是一个苹果一个华为手机，主用苹果，想着换个华为手机以后主用华为的，结果我还是错付了，这个手机给我的体验感甚至不如我之前的mate30，总之慎入，尤其苹果转华为，可以看看其他的
1,预计10月19日送达，整个19日可以说完全音讯全无，配送员电话打不通，配送站点电话也打不通，找客服反应情况，客服回复晚点给我回复，直到10月20日也没收到客服回复。再次联系客服，完全与19日回复的一模一样，很敷衍。然后通过电话联系客服，跟线上客服差不多，敷衍、推诿。10月20日多次投诉后，于当日下午17点过才给我送到快递公共服务点。配送员放到服务点也未电话联系我，还是我自己去找到的包裹。拿到包裹配送员给我打电话，说是打了我好几个电话，我叫他把通话记录发给我看，也没发。反正感觉就是在欺骗消费者。预计不了送达时间就不要预计，当日送不了，出于什么原因，可以直接联系说明情况，我可以自己去取。什么都不说，也不配送，找客服也相当于没找。一个字，气。很不爽的一次网购，谢谢京东给我这样的体验。
1,别买  拍照实在难看 又黄又没神的那种  特别是眼镜那个部位特难看  还有那个微距镜头特讨厌  每次拿出来要紧急拍个照片时  总得先按那个关闭那个微距 不然拍出来是模糊的 总之拍照这一块特不方便还特难看 还没有老的华为手机拍出来的照片好看
1,笑死，买回来后发现mate70更新想着退货买mate70，客服爽快答应，寄回去又说有划痕，不支持退
1,垃圾，买了不到一个星期，降价400，保值率堪忧，性价比垃圾，当时在拼多多跟淘宝百亿补贴已经可以比这家便宜800，因为相信自营旗舰店才买的这家，没想到这么不堪，定向割韭菜，第一次购物体验这么垃圾
1,1月2日买的手机，到现在手机跌了五百多元，还不能补差，才一个星期，京东自营店太不地道了，真是亏大了。
1,这个商家极差，强制消费者消费，买了后面说不支持退货，这个是商家给的回复，给我整无语了，选择在京东买就是因为信任，这个商家搞得确实挺让人失望的。各行各业都不容易，套路太深了搞强制消费者，
1,本来对华为有很高的期待，支持国产的，结果用了不到一个月，动不动黑屏，消息延迟，我都怀疑是不是用的低配的芯片，欺骗国人，品质根本跟不上价格，要买的慎重，六七千买个低配，特别划不来，退也退不掉，简直气死了
1,"1.手机拿到手就后盖玻璃没有封紧，找华为售后，人家要你找京东客服
2.售后打电话，人家华为大公司，直接告诉你不影响使用，胶水没打到位，机械打的，你们出厂没有质检员吗？
3.刚刚到手就这样的售后态度 ，要是有个坏，或者什么问题，别想有好的服务，
4.已经踩坑，想买的考虑清楚，值不值得"
1,回收旧手机发优惠券完全是套路，正常使用五年的手机，专员上门了还一定要发京东快递回收，然后检测连通话功能也不行硬压到三百以下，买的人自己考虑哒
1,像素差，~拍视频拍的时候清晰，发出去就变模糊了，寄出去检查给我说一切正常，70的像素还没有40的像素好，居然还没有苹果11的像素好，当时就是看打广告说它像素特别好才买的，不知道花这么多钱买这个有何用，180天内说的换新也不给我换，最差的一次网上购物体验，再也不会我网上买手机了，再也不信华为像素好了。广告都是骗人的，售后也很差，爱答不理，感觉我没事找事一样
1,翻新机，12月刚买的，保修期是9月17日，客服说都是这样的，如果有同样问题的，请告诉我，我认了，别自己人坑自己人？！
1,"肠子都悔青了，买个这款Pura 70 Pro+ 
一：掉电快
二：充电发热严重，真害怕炸了
三：拍照还没我oppo find X系列好看
四：为什么我买的信号时好时坏？之前用其他牌子从来没有这种情况😓
五：后边摄像头太大了，图片看不出大，拿到手真是难看。
六：14天掉了400元，也价保不了"
1,第一次买华为手机，收到货发现群聊打视频开不了摄像头，然后换货，换货回来，这手机喇叭又出问题，别人听不到我说话！换货回来那天激活去搜索的保修期，发现激活时间要早两天，真怀疑官方是把退回去的手机重新换货给我的，太差劲了
1,"千万别买，质量有问题，
用了一个多月，屏幕就坏了，也没人解决，诶"
1,人麻了！拿到手两天今天才拆开发现镜头里面有灰尘！再也不买华为了！
1,最垃圾的一次购物    昨天手机降价  我还在价保时间内  找客服  客服不给我转人工  一直说等回复  等到今天还没回复  我又找她们   就说已经过保了   这不就是你们的套路吗   故意延迟顾客的价保时间  你们不就不用赔差价了吗    京东最垃圾了   以前挺信赖京东的  现在搞的真垃圾  呸呸呸
1,不到1米摔下来就这样了，什么玄武昆仑钢化玻璃，说的跟真的耐摔一下，太失望了
1,真不想说什么，本来一个黑点的给我修出两个黑点，
1,此用户未及时填写评价内容
1,这么拉胯的吗 新手机 屏幕有水印 这服务态度也真6
1,此用户未及时填写评价内容
1,此用户未及时填写评价内容
1,收到商品没有说明书，找客户进行确认回复有说明书可能是自己弄丢了，电话咨询客户一些问题例如手机怎么设置清理后台程序的，回复手机就是这样的，既然都是这么个态度，我强烈要求退货。
1,不太建议大家买华为，买了我都后悔了
1,真的是服了，打游戏说话都听不到，我网上收了也是一样的，我发现就是 p70 通病，售后也不解决，买回来十天就这样了，真的是服了，再也不相信华为了
1,很差！说好了~晒单送包也不送！现在直接买的都送包，费半天劲拍照写了半天评价到头来跟我说名额满了！客服也只是复读机，不起作用。手机耗电也特别快，还不如我原来的14pro。打原来手机畅玩的剑三无界也卡顿严重。
1,非常的影响心情，有些活动也不是非做不可，估价1600，回款760 ，不以旧换新7199，现在付款7499。自己看图，建议不要在京东买。收到快递时快递盒子如图所示。和爱回收联合欺骗消费者，和爱回收联合欺骗消费者
1,"卡，无语😑
运行速度：卡无语，才买一个两个月游戏都不打，我真服了"
1,才用两个月不到，后面就磕坏了，这让我怎么相信国货，我的苹果用了3年经常摔从来没有坏过，后悔死了
1,新设备屏幕上有污渍残留？还是硬的痕迹。没有插卡等候京东给出合理解释。
1,没买7天就改活动不改价格只赠送价保让你用不了问客服就是#你谁让你买的早不等双11如果不是宣传一样谁提前当然会等双11啊
1,到手就降价，还说现在保价30天，故意来气我。降价也没消息没个通知。手机发热严重，怀疑京东买的是假货，拍照还没有4年前的p40清晰，电池不耐用，在京东购物体验感非常差，这种客服不解决问题
1,不知道其他人买的待机时间怎么样，  可是我买来的代理时间不怎么样。
1,此用户未及时填写评价内容
1,这个华为p70Pro+真的是电量不经用，没玩游戏没刷视频，没听音乐。就充电一天仅供日常使用掉电太快了。
1,呼吁大家去线下买吧，线上比线下最少便宜 800 元！
1,此用户未及时填写评价内容
1,非常差劲的一次购物，线上线下价格差太多，买了就别想退。
1,一般手机配的都有耳机 这个破玩意得单独购买 vivo配的还是蓝牙耳机 扣成这样啊
1,9月20号下单，7199元，27号就降了300块，华为只保价7天？退差价？根本不可能！本来支持华为才买的，太寒心！！而且刷视频电池发烫！
1,此用户未及时填写评价内容
1,此用户未及时填写评价内容
1,第一发货屏幕严重划伤，还不给退，机子不是很好用，有点卡，刚买完就降价，大家慎重买，对京东有些失望，还是建议大家去实体店买
1,支持国货，国货看我是usb。非常不保值，降价离谱（京东自营)。手机本身没啥问题
1,手机好用，但是售后服务差，这点华为就打折了。
1,此用户未填写评价内容
1,屏幕有花點 現在不知道會怎麼處理
1,手机买不到一个月前置摄像头有一个黑点
1,前像机一点不清晰
1,降价很快，以旧换新根本不配价保，客服也是机器人，手机发烫严重！
1,刷脸解锁极差，还不如p40
1,这个发热让我有一些失望，看个贴吧，手机非常烫手，这是不是太夸张了？
1,一颗星，谁让这个掉价这么快呢，不到十天便宜了500元
1,还不到半个月就降价这么多&hellip;&hellip;
1,以旧换新的估价都是骗人的，估价非常低，不同意也不行了。
1,太他么坑了9月21号到的今天打开京东一看就他么这个链接贵差的最多的得有500块
1,体验感特别差，店铺客服和京东客服一天推卸责任
1,七天无理由退款是陷阱，京东上门取货，拿走后打电话告知客户有划痕
1,此用户未及时填写评价内容
1,刚买第八天就降价三百！垃圾售后！亏我扔了苹果换的华为，脸疼！！！
1,此用户未及时填写评价内容
1,此用户未填写评价内容
1,此用户未填写评价内容
1,一点都不好用，真#
1,此用户未填写评价内容
1,此用户未及时填写评价内容
1,此用户未填写评价内容
1,此用户未及时填写评价内容
1,此用户未及时填写评价内容
1,此用户未及时填写评价内容
1,此用户未填写评价内容
1,此用户未填写评价内容
1,此用户未及时填写评价内容
1,此用户未填写评价内容
1,价格降得太快
1,一个月不到降600
1,此用户未填写评价内容
1,品控#。
1,壳子太硬了
1,费电快得很
1,其他问题不说，因为任何品牌新机到手都顺滑，但是感官很不好的一点，七千多的手机，刚到手一周，手机膜中间起泡，是你们的质量问题，售后处理方式只有前往门店付费更换，店大欺客！
1,被车压过的东西都变形了，还发过来真的无语，差评
1,以旧换新：差评，用京东那么多年真是套路越来越多，买这个机子多花我几百块。手机以旧换新补贴加一起给噱头3500回收。实际到了质检只给1500。我随便二手回收都能给2800。最后一份补贴都没有！！差评
1,差评，降价太快，而且不补差价，点的分期免息也莫名其妙的不分期了
1,售后极差极差极差
1,打个王者都能卡死什么垃圾手机，本想着高高兴兴买个华为手机没想到啊万万没想到七八千手机卡屏了我笑了
1,产品还可以，但是客服态度太差了，根本就不解决问题，我的~电脑登录后手机不提示，他就说是~问题，我去华为官网自己查才解决的，店铺客服太不专业了，气死了
1,总的来讲不是一次好的购买体验，手机在户外会发热，掉帧，亮度无法调节，续航还可以，还有发现一个点，手机两侧的黑边框不一样宽，身边人的70是等宽的，去售后被解释为没有问题，总的来说，不是一次好的购买体验
1,7千多买的手机，用了不到一个月就出了问题，换货流程各种卡，反正就是自己想办法去处理就完事了，真是绝了
1,用了一段时间了，失望至极。以后再也不买华为了，宣传这么牛，各种测试，昨晚从床上掉地上了，还带着壳的，都没当回事，刚刚看到侧边开了一条很明显的缝，就算纸做的，你卖这么贵，就不能沾点胶水吗？这么低一摔就碎，真服了，真差
1,现在便宜了
1,一星都多，一直用京东这才多久差一千多了
1,此用户未填写评价内容
1,这商家是**，买的时候说12期免息，买完跟你要九百多服务费，七千多手机收九百多服务费，垃圾店家
1,买了还不到一个月就降价了   找客服也没人理  全是机器人回复  反反复复就那几句话
1,新手机卡1无服务，尝试许多方法都没有用
1,不建议大家买，这个被吹上天的手机就刷个视频手机都发烫特别严重，还得用风扇降温，买了两个月不到，屏幕已经磕坏了一点，原来买的vivo用了4年不管怎么摔屏幕都没坏。非常后悔，下次不会再买。大家不要盲目跟风，谨慎购买。
1,此用户未填写评价内容
1,此用户未填写评价内容
1,才买没多久就降价了，买的时候没有注意有保价这个服务，申请不了
1,什么垃圾手机，放大后拍照根本没那么清晰，电梯里根本就没信号，虚假宣传。还有，买的时候八千，不到两个月时间，降价800块钱，@个人了。
1,没有任何保障，买完一周便宜好几百，没法保价 也没人管 踩坑
1,刚买了没几天就降价，还不给解决，妈的真够#的，客服一个比一个会推，大家都别买
1,此用户未及时填写评价内容
1,真垃圾，还是今年的新品，6月买的7999，现在才40多天已经降了1000。不给保价原因是已过保！拍照也没有营销的那么强，吃相难看！
1,此用户未填写评价内容
1,#质量太差了，才买一个多月，今日去贴膜才发现屏幕与机身的密封条都露出来了，据说汗水都有可能流进去，都不知道找哪个进行处理。太失望了
1,此用户未填写评价内容
1,套路太多，再也不相信京东了。旧手机预估1050，结果寄过去之后只估200块。完全就是套路。
1,莫名其妙降价800元！！！！人工客服跟机器人一样 耗到你失去耐心为止 根本不为用户着想。 华为这波太败人品了 京东客服也一样
1,此用户未及时填写评价内容
1,想要买这个手机的宝子们还是考虑一下吧，这款手机挺差的。我刚买了一直没有去试这个相机，也不舍得用，就为了拍照片录视频。好不容易等到了偶像的演唱会，我还是买的内场票，结果发现4倍之前根本拍不清楚，4倍之后根本就看不清人脸了，跟客服说，客服也不解决这个事情，就一直推卸责任，说是我的问题。我真服了，我是制造手机的吗？手机出现问题居然说是我的原因？我当时花了8000块买的手机，还没有人家5000买的手机的像素好，什么意思？华为现在是飘了是吗？就这样对待消费者？出问题就推卸责任不解决？差评送上！
1,此用户未填写评价内容
1,差评差评，刚买到没多久，就降价800，有活动又不提前说明，第一次选择华为，太让我失望了
1,上下滑动文字会加粗模糊，看两篇文章就会眼晕#，工程师非说没有问题&hellip;&hellip;拿别人华为手机看屏幕没有这样的问题，这个问题为什么不能换？不能换请退货！7999元买手机，屏幕有明显问题不能换不能退？华为的品质还能不能让人信赖？
1,首先，商品评价没问题，但是采购评价体验非常差。我是小米11Ultra用户，通过以旧换新采购的，当时有点不放心，因为旧机的评估是以对方检测为准的，担心标准不一致。我自己评估有1000左右，到爱回收现场店铺说只有700，我看加上京东补贴500感觉可以赌一下，然后我又去了我们万达京东实体店美的手机维修店，咨询了我的回收价格说是1200，那我想手机已经下单了就不折腾了，就等着上门取件旧手机。预约时间早上9点到11点，客服说要下午才能来，想想大热天就自己送上门去。今天评估结果出来了，居然回收价格只有370，让人惊掉下巴，补贴也只有350。犹豫中很想取消回收订单，但一想再寄回来，被对方打开过的手机还能说清楚吗？只能自己认了。奉劝买手机的千万不要去选择以旧换新服务，还不如自己去二手店回收，减少中间环节，商人是不可能给你让利的。同时也对京东提意见，这种信息完全不对称的以旧换新活动不要搞了，会给你的服务打~，要搞就干脆先评估，愿意换再给补贴，总之这次以旧换新的采购体验非常非常差！
1,"买华为最伤心的一次，体验感极差，手机掉价太多了，一点不能接受，真的是不如人家苹果。以后大家都不要买华为，价保几天时间，够哪个申请退款？而且手机不好用，喂了狗了。
真的不值得这个价。没买的感觉退退退"
1,此用户未及时填写评价内容
1,此用户未及时填写评价内容
1,想入手的朋友 我的建议是多平台比对一下吧  京东最贵没有之前 而且售后及其差劲  来来回回就是车轱辘话  卖完就啥也不管了   想入手的朋友  自己斟酌一下吧   也只能帮到这了
1,卡，又烫，耗电快。待机时间短
1,旧手机置换跟初评价格差很大，新手机不按出售价格开发票，与客服多次沟通无果而终。
1,到手里面就藏了个灰尘，要拆机才能弄掉，真是#坏了，懒得折腾就没退，日常用起来也是热的不行，遥遥领先？也就价格遥遥领先了吧
1,以旧换新：没最终回收完成一定不要拆新机器，回收价格太乱了，同一款机器，回收价能差一半，第一次回收估价说我旧手机屏幕是严重划痕，我选的轻微划痕，价格比预估价格少了，降低了一个补贴额度，我想那我重新再加一点旧机器，凑个补贴吧，就把订单退了重新下订，也选成严重划痕了，我想都已经估了价了，新手机到了就拆封在用了，第二次来回收说屏幕划痕是硬伤了，显示也有问题，比第一次回收价格直接少了一半，唉，新机器都已经拆封在用了，自认倒霉吧，京东越来越让人失望了
1,#，买了刚一个月降了大几百，不给退差价
1,此用户未填写评价内容
1,太坑了吧，才买了1个多月就降价了那么多，以后都不敢买华为手机了
1,不知道怎么形容，从苹果转华为，手机不错，质感也很好，保值率太差劲了，买来一个月多一点，降价800元，新鲜感只给一个月，被洗脑了，搞笑的很，真是太有意思了！
1,此用户未填写评价内容
1,降价太快啦
1,本人于2024.6.26在京东的华为自营官方旗舰店购买了一台内存512g型号为华为Pura70 Pro+手机一台，购买当时的价格为7999，本人于2024.6.27签收。手机作为非消耗品，其价格具有稳定性，且本人购买的Pura70Pro为华为最新推出的旗舰产品，价格相较于其他之前推出的产品，价格应该更为稳定。2024.7.18，华为京东自营突然对其进行降价促销，仅仅时隔半个月，差价高达800，要求退还差价。其次，华为京东自营以过价保期为由拒绝退差价，而本人在其他平台看到华为对其他过了价保期的同型号订单进行退差价，区别对待消费者，令人心寒，要求华为京东自营退还800元差价。
1,此用户未填写评价内容
1,此用户未填写评价内容
1,此用户未及时填写评价内容
1,下次不买了，买完没多久降价这么多
1,这次在京东自营购买手机非常的不愉快，首先以旧换新非常垃圾，非常不值，请大家谨慎去换，京东上面估值2600多，最后实际估值1600多，只不过就是外壳有轻微磨损，才用了一年半，就差不多少了1000元太@了，因为新手机先拿上已用，要不然就全退出交易了，这次京东自营让人很失望。如果不是在京东自营的平台上兑换以旧换新，我是不会兑换的。相信的是京东自营的平台，但这次很让人失望。也交涉了，没什么用。以旧换新，不如选择线下购买，线下购买也可以以旧换新，线下购买的手机价格也不比京东自营的贵，线下以旧换新也没有这么多的纠纷。寄过来的手机胶带是开的。当时就想直接退货的。后来想想就算了。京东自营的寄东西，多一点胶带都不愿意用吗？这就是对消费者的态度啊。在京东上买了这么多东西了。这次太让人失望了。也希望京东自营维护好自己的声誉。这次的交易感觉到被糊弄的感觉。
1,一买就降价，呵
1,最后一天降价  不给保价  欺诈消费者  背刺消费者  🐕东   果然只有起错的名没有起错的外号  跟你的logo真配  绝了
1,才买了一个月就降了八百，这降价差得太离谱了，太过分了，手机耗电又很快，非常不满意的一次购物！！！！
1,618活动期间买的，买完刚过保价期就降价八百，40天降了八百，你这半年降价八百我还能接受，这么大平台宣传你们的618有多划算，大家都买了你这踩点降价！
1,"太吭人！非常之差评！
7月12日上午购机价格7999，下午送达，平台显示有7天保价服务，购物后我们没有特意去留意平台价格。
今天无意中发现18号已降价到7199元，我们找平台了解情况，平台以今天已过保价期为由不进行补差价。
但12号到18号之间没有达到7天也是事实，平台说这个需要购机后7天内我们自己去申请，但我们购物后不可能每天盯着平台是否降价。目前平台不予处理不退差价。你们收钱的时候就打电话通知！客户的钱就当没一回事！"
1,买了十天就降价600，还不给保价，不能退，我特么还没开始用呢，卡都没放进去，#到了。
1,此用户未及时填写评价内容
1,这价格我也是服了，这才一个月掉了800，这价格虚标的让人无语，以后华为拜拜了
1,做为华为坚定的粉丝，客观评价，没有想象的好，尤其是信号，这本来是华为最强的，但实际表现很差，甚至不如我同时在使用的另外一部mate30，经常出差，在高铁，酒店，密闭空间等，表现都不好，发热也有点严重。之所以现在来评价，还因为被华为背刺，刚刚买了一个月出头，官降就800到1000，如果这样的话，下一步可能就不会再换华为了
1,背刺，发热
1,就你们京东搞特殊是吧，人家#跟华为官方都能推差价，就你们不行？真的震惊，客服反反复复就那几句话，你们这事情不好好解决以后不会在你们京东买任何东西了，真的是气死个人，差评差评差评
1,此用户未及时填写评价内容
1,差评，买完刚过一个月就掉价，算的真准，还618活动最~呢，骗人的
1,手机发烫，发烫还卡，
1,五月份抢不到货，6月14日下单，后因为质量问题申请了换货，换货6月30日签收的。7月份就降价八百大洋，然后7月25号申请保价退差价，就说过了30天保价期，不给退差价。差评差评差评差评差评差评差评差评差评差评差评差评差评差评差评差评差评差评差评差评差评差评差评差评差评差评差评差评差评差评差评差评差评差评差评差评差评差评差评差评差评差评差评差评差评差评差评差评差评差评差评差评差评差评差评差评差评差评差评差评差评差评差评差评差评差评差评差评差评差评差评差评差评差评差评差评差评
1,本人于2024年7月2日在京东华为自营官方旗舰店购买一台内存512G，型号华为P70pro+，当时购买价格为7899，本人于7月4日签收。手机作为非消耗品，价格具有稳定性，本人购买的手机为华为最新款手机，价格也应该相对之前推出的产品更稳定。2024年7月18日华为自营官方旗舰店对其手机进行降价促销，仅时隔14天，差价800，要求退还差价。华为客服以过价保拒绝退差价，让其联系京东客服。本人看其他平台看见华为对其他过了保价期的同型号订单进行退差价（比如华为商城、淘宝、天猫商城）这种区别对待消费者，令人心寒。
1,降价太快，买的太亏了
1,此用户未填写评价内容
1,降价快，其他平台退，这里不退，大家睁大眼睛，不要再到这里买手机。
1,此用户未填写评价内容
1,#无耻了，刚过价保就降价800，售后也慢，之前是遇到降价直接换一个链接，@。
1,买了半个月就降价800，还不退差价，别的平台都退，京东凭什么这么牛不退差价
1,商家任性降价且不补差价，承诺的商品保价沦为笑话。
1,买了两个月降价1000块，真#垃圾。
1,此用户未填写评价内容
1,此用户未及时填写评价内容
1,手机屏幕有瑕疵，还突然降价
1,垃圾华为，打着爱国情怀让用户买手机，现在突然降价卡价保时间点降，也是#，国货手机也配
1,此用户未填写评价内容
1,不退差价。有问题。只有京东不退，不要在这里买。价保内也不会给退。反正就是不会给你退差价。
1,垃圾，太垃圾，降价那么快
1,#，垃圾华为，别买，跳水极其严重，才发布就降价，就知道坑消费者。反应问题，京东回复像个机器人，华为干脆不理，俩家联合起来欺负消费者。店大欺客，体验感极差
1,刚没没几天就降价800 让人怎么接受，快退差价  华为越来越坑国人
1,妥妥的被割韭菜
1,非常差的体验，这么大个公司，耍赖，6.18买的不到八千，7.18降了800，申请价保，说过期了，太无语了，大家谨慎购买啊
1,他这个降价也没有明确表示是718之前降的，还是718之后降的。前脚买后脚降价还说过了保价期不能补差价，不能在京东买东西了
1,很少差评，想表达一下自己的想法，第一，报价之前就应该做好控价。就算调价也应该出机子半年之后，其他系列没降价，偏偏买了这个就降了。第二，如果选择降价理应给消费者退差价，没有什么抱歉和送礼品一说，第三，如果你们觉得自己家产品不配这个价格，也可以不降价，我们愿意为爱国情怀买单，以后把多挣我们消费者的钱用来搞科研，造出更加好的产品回馈客户。就是新产品出来才两个多月，买了不到二十天，这种做法有点不厚道掉价儿。第四，其他平台都退了，就京东退不了，华为说这是京东的店铺，跟自己没关系，京东这里有售后问题让找华为，不太理解，跟两边的客服沟通，都说有人电话联系，最后四五天也没人打电话。总而言之，只是想要得到跟其他平台一样待遇而已。
1,买了不到1月降价800，小伙伴看看吧
1,垃圾手机，因为我本身不怎么拍照而且很信任华为的拍照功能，所以收到手机前几天我都没管，直到用了一个月的时候我拍照发现怎么颜色这么奇怪然后上网搜看见好多人都有这个问题，而且最新的这批手机线下店员说过有问题，拍照发黄而且像素真的不好拍照很模糊什么微距细胞壁纯扯淡连个月亮都拍不清楚，什么都是雾蒙蒙的，真的谁买谁冤种
1,华为这个降价速度也是挺快的啊，买的手表跟这手机没多久就全降价了
1,到手两周降价800，其它平台都退了，连~都退差了，就京东退不了，7天30天保价随他心意改，别人6月买的都退了，7月买的退不了🙃消费者权益根本得不到保障，再不来京东买大件👋
1,才买了不到一个月降价了快1000，出的新手机就降这么多！之前一直支持华为，以后就算了！背刺用户！联系客服退差价也没有解决方式就让等着&hellip;
1,此用户未填写评价内容
1,买了一个月降价800
1,此用户未填写评价内容
1,这波背刺真被伤到了，还不退差价官网都有补偿礼品问京东也没有回复我
1,傻逼手机
